timestamp,event_type,attack_type,blocked,label,time_delta_ms
2025-12-02T18:16:46.418000,normal,NONE,0,0,0
2025-12-02T18:16:46.419000,normal,NONE,0,0,1
2025-12-02T18:16:46.419000,attack,TLS_DOWGRADE_DETECTED,1,1,0
2025-12-02T18:16:46.419000,normal,NONE,0,0,0
2025-12-02T18:16:46.420000,normal,NONE,0,0,1
2025-12-02T18:16:46.420000,normal,NONE,0,0,0
2025-12-02T18:16:46.420000,attack,OCPP_INJECTION_ATTEMPT,1,1,0
2025-12-02T18:16:46.420000,normal,NONE,0,0,0
2025-12-02T18:16:46.421000,normal,NONE,0,0,1
2025-12-02T18:16:46.421000,attack,OCPP_INJECTION_ATTEMPT,1,1,0
2025-12-02T18:16:46.421000,normal,NONE,0,0,0
2025-12-02T18:16:46.421000,normal,NONE,0,0,0
2025-12-02T18:16:46.421000,attack,OCPP_INJECTION_ATTEMPT,1,1,0
2025-12-02T18:16:46.422000,normal,NONE,0,0,1
2025-12-02T18:16:46.422000,normal,NONE,0,0,0
2025-12-02T18:16:46.422000,attack,OCPP_INJECTION_ATTEMPT,1,1,0
2025-12-02T18:16:46.422000,normal,NONE,0,0,0
2025-12-02T18:16:46.422000,normal,NONE,0,0,0
2025-12-02T18:16:46.422000,attack,OCPP_INJECTION_ATTEMPT,1,1,0
2025-12-02T18:16:46.422000,normal,NONE,0,0,0
2025-12-02T18:16:46.423000,normal,NONE,0,0,1
2025-12-02T18:16:46.423000,attack,OCPP_INJECTION_ATTEMPT,1,1,0
2025-12-02T18:16:46.423000,normal,NONE,0,0,0
2025-12-02T18:16:46.423000,normal,NONE,0,0,0
2025-12-02T18:16:46.423000,attack,OCPP_INJECTION_ATTEMPT,1,1,0
2025-12-02T18:16:46.423000,normal,NONE,0,0,0
2025-12-02T18:16:46.423000,normal,NONE,0,0,0
2025-12-02T18:16:46.423000,normal,NONE,0,0,0
2025-12-02T18:16:46.424000,attack,OCPP_INJECTION_ATTEMPT,1,1,1
2025-12-02T18:16:46.424000,normal,NONE,0,0,0
2025-12-02T18:16:46.424000,normal,NONE,0,0,0
2025-12-02T18:16:46.424000,normal,NONE,0,0,0
2025-12-02T18:16:46.424000,attack,OCPP_INJECTION_ATTEMPT,1,1,0
2025-12-02T18:16:46.424000,normal,NONE,0,0,0
2025-12-02T18:16:46.425000,normal,NONE,0,0,1
2025-12-02T18:16:46.425000,normal,NONE,0,0,0
2025-12-02T18:16:46.425000,normal,NONE,0,0,0
2025-12-02T18:16:46.425000,normal,NONE,0,0,0
2025-12-02T18:16:46.425000,attack,OCPP_INJECTION_ATTEMPT,1,1,0
2025-12-02T18:16:46.425000,normal,NONE,0,0,0
2025-12-02T18:16:46.426000,attack,OCPP_CMD_REJECTED,1,1,1
2025-12-02T18:16:46.427000,normal,NONE,0,0,1
2025-12-02T18:16:46.428000,normal,NONE,0,0,1
2025-12-02T18:16:46.819000,normal,NONE,0,0,391
2025-12-02T18:16:46.820000,normal,NONE,0,0,1
2025-12-02T18:16:46.820000,attack,TLS_DOWGRADE_DETECTED,1,1,0
2025-12-02T18:16:46.820000,normal,NONE,0,0,0
2025-12-02T18:16:46.820000,normal,NONE,0,0,0
2025-12-02T18:16:46.820000,normal,NONE,0,0,0
2025-12-02T18:16:46.821000,attack,OCPP_INJECTION_ATTEMPT,1,1,1
2025-12-02T18:16:46.821000,normal,NONE,0,0,0
2025-12-02T18:16:46.821000,normal,NONE,0,0,0
2025-12-02T18:16:46.821000,normal,NONE,0,0,0
2025-12-02T18:16:46.821000,normal,NONE,0,0,0
2025-12-02T18:16:46.821000,normal,NONE,0,0,0
2025-12-02T18:16:46.821000,normal,NONE,0,0,0
2025-12-02T18:16:46.821000,attack,OCPP_INJECTION_ATTEMPT,1,1,0
2025-12-02T18:16:46.821000,normal,NONE,0,0,0
2025-12-02T18:16:46.822000,normal,NONE,0,0,1
2025-12-02T18:16:46.822000,normal,NONE,0,0,0
2025-12-02T18:16:46.822000,normal,NONE,0,0,0
2025-12-02T18:16:46.822000,normal,NONE,0,0,0
2025-12-02T18:16:46.822000,normal,NONE,0,0,0
2025-12-02T18:16:46.822000,normal,NONE,0,0,0
2025-12-02T18:16:46.822000,attack,OCPP_INJECTION_ATTEMPT,1,1,0
2025-12-02T18:16:46.822000,normal,NONE,0,0,0
2025-12-02T18:16:46.822000,normal,NONE,0,0,0
2025-12-02T18:16:46.822000,normal,NONE,0,0,0
2025-12-02T18:16:46.822000,normal,NONE,0,0,0
2025-12-02T18:16:46.823000,attack,OCPP_INJECTION_ATTEMPT,1,1,1
2025-12-02T18:16:46.823000,normal,NONE,0,0,0
2025-12-02T18:16:46.823000,attack,OCPP_CMD_REJECTED,1,1,0
2025-12-02T18:16:46.824000,normal,NONE,0,0,1
2025-12-02T18:16:46.824000,normal,NONE,0,0,0
2025-12-20T16:56:58.276000,normal,NONE,0,0,1550411452
2025-12-20T16:56:58.276000,normal,NONE,0,0,0
2025-12-20T16:56:58.276000,normal,NONE,0,0,0
2025-12-20T16:56:58.277000,normal,NONE,0,0,1
2025-12-20T16:56:58.277000,normal,NONE,0,0,0
2025-12-20T16:56:58.277000,attack,OCPP_VALIDATION_FAIL,1,1,0
2025-12-20T16:56:58.277000,normal,NONE,0,0,0
2025-12-20T16:56:58.277000,normal,NONE,0,0,0
2025-12-20T16:56:58.277000,attack,OCPP_VALIDATION_FAIL,1,1,0
2025-12-20T16:56:58.277000,normal,NONE,0,0,0
2025-12-20T16:56:58.277000,normal,NONE,0,0,0
2025-12-20T16:56:58.278000,normal,NONE,0,0,1
2025-12-20T16:56:58.278000,attack,OCPP_VALIDATION_FAIL,1,1,0
2025-12-20T16:56:58.278000,normal,NONE,0,0,0
2025-12-20T16:56:58.278000,normal,NONE,0,0,0
2025-12-20T16:56:58.278000,normal,NONE,0,0,0
2025-12-20T16:56:58.278000,normal,NONE,0,0,0
2025-12-20T16:56:58.278000,normal,NONE,0,0,0
2025-12-20T16:56:58.278000,attack,OCPP_VALIDATION_FAIL,1,1,0
2025-12-20T16:56:58.278000,normal,NONE,0,0,0
2025-12-20T16:56:58.279000,normal,NONE,0,0,1
2025-12-20T16:56:58.279000,normal,NONE,0,0,0
2025-12-20T16:56:58.279000,normal,NONE,0,0,0
2025-12-20T16:56:58.279000,normal,NONE,0,0,0
2025-12-20T16:56:58.279000,normal,NONE,0,0,0
2025-12-20T16:56:58.279000,normal,NONE,0,0,0
2025-12-20T16:56:58.279000,attack,OCPP_VALIDATION_FAIL,1,1,0
2025-12-20T16:56:58.279000,normal,NONE,0,0,0
2025-12-20T16:56:58.279000,normal,NONE,0,0,0
2025-12-20T16:56:58.280000,normal,NONE,0,0,1
2025-12-20T16:56:58.280000,normal,NONE,0,0,0
2025-12-20T16:56:58.280000,attack,OCPP_VALIDATION_FAIL,1,1,0
2025-12-20T16:56:58.280000,normal,NONE,0,0,0
2025-12-20T16:56:58.280000,normal,NONE,0,0,0
2025-12-20T16:56:58.280000,normal,NONE,0,0,0
2025-12-20T16:56:58.280000,attack,OCPP_VALIDATION_FAIL,1,1,0
2025-12-20T16:56:58.280000,normal,NONE,0,0,0
2025-12-20T16:56:58.280000,normal,NONE,0,0,0
2025-12-20T16:56:58.281000,normal,NONE,0,0,1
2025-12-20T16:56:58.281000,normal,NONE,0,0,0
2025-12-20T16:56:58.281000,attack,OCPP_VALIDATION_FAIL,1,1,0
2025-12-20T16:56:58.281000,normal,NONE,0,0,0
2025-12-20T16:56:58.281000,normal,NONE,0,0,0
2025-12-20T16:56:58.281000,normal,NONE,0,0,0
2025-12-20T16:56:58.281000,normal,NONE,0,0,0
2025-12-20T16:56:58.281000,attack,TLS_DOWGRADE_DETECTED,1,1,0
2025-12-20T16:56:58.281000,normal,NONE,0,0,0
2025-12-20T16:56:58.281000,normal,NONE,0,0,0
2025-12-20T16:56:58.281000,normal,NONE,0,0,0
2025-12-20T16:56:58.282000,attack,OCPP_INJECTION_ATTEMPT,1,1,1
2025-12-20T16:56:58.282000,normal,NONE,0,0,0
2025-12-20T16:56:58.282000,normal,NONE,0,0,0
2025-12-20T16:56:58.282000,attack,OCPP_INJECTION_ATTEMPT,1,1,0
2025-12-20T16:56:58.283000,normal,NONE,0,0,1
2025-12-20T16:56:58.283000,normal,NONE,0,0,0
2025-12-20T16:56:58.283000,attack,OCPP_INJECTION_ATTEMPT,1,1,0
2025-12-20T16:56:58.283000,normal,NONE,0,0,0
2025-12-20T16:56:58.284000,normal,NONE,0,0,1
2025-12-20T16:56:58.284000,normal,NONE,0,0,0
2025-12-20T16:56:58.284000,attack,OCPP_INJECTION_ATTEMPT,1,1,0
2025-12-20T16:56:58.284000,normal,NONE,0,0,0
2025-12-20T16:56:58.284000,normal,NONE,0,0,0
2025-12-20T16:56:58.284000,normal,NONE,0,0,0
2025-12-20T16:56:58.284000,attack,OCPP_INJECTION_ATTEMPT,1,1,0
2025-12-20T16:56:58.285000,normal,NONE,0,0,1
2025-12-20T16:56:58.285000,normal,NONE,0,0,0
2025-12-20T16:56:58.285000,normal,NONE,0,0,0
2025-12-20T16:56:58.285000,attack,OCPP_INJECTION_ATTEMPT,1,1,0
2025-12-20T16:56:58.285000,normal,NONE,0,0,0
2025-12-20T16:56:58.285000,normal,NONE,0,0,0
2025-12-20T16:56:58.285000,normal,NONE,0,0,0
2025-12-20T16:56:58.285000,normal,NONE,0,0,0
2025-12-20T16:56:58.286000,attack,TLS_DOWGRADE_DETECTED,1,1,1
2025-12-20T16:56:58.286000,normal,NONE,0,0,0
2025-12-20T16:56:58.286000,normal,NONE,0,0,0
2025-12-20T16:56:58.286000,normal,NONE,0,0,0
2025-12-20T16:56:58.286000,normal,NONE,0,0,0
2025-12-20T16:56:58.286000,normal,NONE,0,0,0
2025-12-20T16:56:58.286000,normal,NONE,0,0,0
2025-12-20T16:56:58.286000,attack,OCPP_INJECTION_ATTEMPT,1,1,0
2025-12-20T16:56:58.286000,normal,NONE,0,0,0
2025-12-20T16:56:58.286000,normal,NONE,0,0,0
2025-12-20T16:56:58.286000,attack,OCPP_INJECTION_ATTEMPT,1,1,0
2025-12-20T16:56:58.286000,normal,NONE,0,0,0
2025-12-20T16:56:58.287000,normal,NONE,0,0,1
2025-12-20T16:56:58.287000,normal,NONE,0,0,0
2025-12-20T16:56:58.287000,normal,NONE,0,0,0
2025-12-20T16:56:58.287000,normal,NONE,0,0,0
2025-12-20T16:56:58.287000,normal,NONE,0,0,0
2025-12-20T16:56:58.287000,attack,OCPP_INJECTION_ATTEMPT,1,1,0
2025-12-20T16:56:58.287000,normal,NONE,0,0,0
2025-12-20T16:56:58.287000,normal,NONE,0,0,0
2025-12-20T16:56:58.288000,normal,NONE,0,0,1
2025-12-20T16:56:58.288000,attack,TLS_DOWGRADE_DETECTED,1,1,0
2025-12-20T16:56:58.288000,normal,NONE,0,0,0
2025-12-20T16:56:58.288000,normal,NONE,0,0,0
2025-12-20T16:56:58.288000,normal,NONE,0,0,0
2025-12-20T16:56:58.288000,normal,NONE,0,0,0
2025-12-20T16:56:58.288000,normal,NONE,0,0,0
2025-12-20T16:56:58.288000,attack,OCPP_INJECTION_ATTEMPT,1,1,0
2025-12-20T16:56:58.288000,normal,NONE,0,0,0
2025-12-20T16:56:58.289000,normal,NONE,0,0,1
2025-12-20T16:56:58.289000,normal,NONE,0,0,0
2025-12-20T16:56:58.289000,normal,NONE,0,0,0
2025-12-20T16:56:58.289000,normal,NONE,0,0,0
2025-12-20T16:56:58.289000,normal,NONE,0,0,0
2025-12-20T16:56:58.289000,attack,OCPP_INJECTION_ATTEMPT,1,1,0
2025-12-20T16:56:58.289000,normal,NONE,0,0,0
2025-12-20T16:56:58.289000,normal,NONE,0,0,0
2025-12-20T16:56:58.289000,attack,OCPP_INJECTION_ATTEMPT,1,1,0
2025-12-20T16:56:58.290000,normal,NONE,0,0,1
2025-12-20T16:56:58.290000,normal,NONE,0,0,0
2025-12-20T16:56:58.291000,normal,NONE,0,0,1
2025-12-20T16:56:58.291000,normal,NONE,0,0,0
2025-12-20T16:57:08.591000,normal,NONE,0,0,10300
2025-12-20T16:57:08.592000,normal,NONE,0,0,1
2025-12-20T16:57:08.592000,normal,NONE,0,0,0
2025-12-20T16:57:08.592000,attack,TLS_DOWGRADE_DETECTED,1,1,0
2025-12-20T16:57:08.592000,normal,NONE,0,0,0
2025-12-20T16:57:08.592000,normal,NONE,0,0,0
2025-12-20T16:57:08.592000,normal,NONE,0,0,0
2025-12-20T16:57:08.596000,normal,NONE,0,0,4
2025-12-20T16:57:08.596000,attack,OCPP_INJECTION_ATTEMPT,1,1,0
2025-12-20T16:57:08.596000,normal,NONE,0,0,0
2025-12-20T16:57:08.596000,normal,NONE,0,0,0
2025-12-20T16:57:08.596000,normal,NONE,0,0,0
2025-12-20T16:57:08.596000,normal,NONE,0,0,0
2025-12-20T16:57:08.596000,attack,OCPP_INJECTION_ATTEMPT,1,1,0
2025-12-20T16:57:08.596000,normal,NONE,0,0,0
2025-12-20T16:57:08.597000,normal,NONE,0,0,1
2025-12-20T16:57:08.597000,normal,NONE,0,0,0
2025-12-20T16:57:08.597000,normal,NONE,0,0,0
2025-12-20T16:57:08.597000,normal,NONE,0,0,0
2025-12-20T16:57:08.597000,normal,NONE,0,0,0
2025-12-20T16:57:08.597000,normal,NONE,0,0,0
2025-12-20T16:57:08.598000,normal,NONE,0,0,1
2025-12-20T16:57:08.598000,attack,TLS_DOWGRADE_DETECTED,1,1,0
2025-12-20T16:57:08.598000,normal,NONE,0,0,0
2025-12-20T16:57:08.598000,normal,NONE,0,0,0
2025-12-20T16:57:08.598000,normal,NONE,0,0,0
2025-12-20T16:57:08.598000,attack,OCPP_INJECTION_ATTEMPT,1,1,0
2025-12-20T16:57:08.598000,normal,NONE,0,0,0
2025-12-20T16:57:08.598000,normal,NONE,0,0,0
2025-12-20T16:57:08.599000,normal,NONE,0,0,1
2025-12-20T16:57:08.599000,normal,NONE,0,0,0
2025-12-20T16:57:08.599000,normal,NONE,0,0,0
2025-12-20T16:57:08.599000,normal,NONE,0,0,0
2025-12-20T16:57:08.599000,attack,OCPP_INJECTION_ATTEMPT,1,1,0
2025-12-20T16:57:08.599000,normal,NONE,0,0,0
2025-12-20T16:57:08.599000,normal,NONE,0,0,0
2025-12-20T16:57:08.599000,normal,NONE,0,0,0
2025-12-20T16:57:08.599000,attack,OCPP_INJECTION_ATTEMPT,1,1,0
2025-12-20T16:57:08.599000,normal,NONE,0,0,0
2025-12-20T16:57:08.599000,normal,NONE,0,0,0
2025-12-20T16:57:08.600000,attack,OCPP_INJECTION_ATTEMPT,1,1,1
2025-12-20T16:57:08.600000,normal,NONE,0,0,0
2025-12-20T16:57:08.600000,normal,NONE,0,0,0
2025-12-20T16:57:08.600000,attack,OCPP_INJECTION_ATTEMPT,1,1,0
2025-12-20T16:57:08.600000,normal,NONE,0,0,0
2025-12-20T16:57:08.600000,normal,NONE,0,0,0
2025-12-20T16:57:08.600000,normal,NONE,0,0,0
2025-12-20T16:57:08.600000,normal,NONE,0,0,0
2025-12-20T16:57:08.600000,attack,OCPP_VALIDATION_FAIL,1,1,0
2025-12-20T16:57:08.600000,normal,NONE,0,0,0
2025-12-20T16:57:08.601000,normal,NONE,0,0,1
2025-12-20T16:57:08.601000,normal,NONE,0,0,0
2025-12-20T16:57:08.601000,normal,NONE,0,0,0
2025-12-20T16:57:08.601000,normal,NONE,0,0,0
2025-12-20T16:57:08.601000,attack,OCPP_VALIDATION_FAIL,1,1,0
2025-12-20T16:57:08.601000,normal,NONE,0,0,0
2025-12-20T16:57:08.601000,normal,NONE,0,0,0
2025-12-20T16:57:08.601000,normal,NONE,0,0,0
2025-12-20T16:57:08.601000,normal,NONE,0,0,0
2025-12-20T16:57:08.602000,attack,OCPP_VALIDATION_FAIL,1,1,1
2025-12-20T16:57:08.602000,normal,NONE,0,0,0
2025-12-20T16:57:08.602000,normal,NONE,0,0,0
2025-12-20T16:57:08.602000,attack,OCPP_VALIDATION_FAIL,1,1,0
2025-12-20T16:57:08.602000,normal,NONE,0,0,0
2025-12-20T16:57:08.602000,normal,NONE,0,0,0
2025-12-20T16:57:08.602000,normal,NONE,0,0,0
2025-12-20T16:57:08.602000,normal,NONE,0,0,0
2025-12-20T16:57:08.602000,normal,NONE,0,0,0
2025-12-20T16:57:08.602000,normal,NONE,0,0,0
2025-12-20T16:57:08.602000,normal,NONE,0,0,0
2025-12-20T16:57:08.603000,normal,NONE,0,0,1
2025-12-20T16:57:08.603000,normal,NONE,0,0,0
2025-12-20T16:57:08.603000,attack,OCPP_VALIDATION_FAIL,1,1,0
2025-12-20T16:57:08.603000,normal,NONE,0,0,0
2025-12-20T16:57:08.603000,normal,NONE,0,0,0
2025-12-20T16:57:08.603000,normal,NONE,0,0,0
2025-12-20T16:57:08.603000,normal,NONE,0,0,0
2025-12-20T16:57:08.603000,normal,NONE,0,0,0
2025-12-20T16:57:08.604000,attack,OCPP_VALIDATION_FAIL,1,1,1
2025-12-20T16:57:08.604000,normal,NONE,0,0,0
2025-12-20T16:57:08.604000,normal,NONE,0,0,0
2025-12-20T16:57:08.604000,attack,OCPP_VALIDATION_FAIL,1,1,0
2025-12-20T16:57:08.604000,normal,NONE,0,0,0
2025-12-20T16:57:08.604000,normal,NONE,0,0,0
2025-12-20T16:57:08.604000,normal,NONE,0,0,0
2025-12-20T16:57:08.604000,normal,NONE,0,0,0
2025-12-20T16:57:08.604000,normal,NONE,0,0,0
2025-12-20T16:57:08.604000,attack,TLS_DOWGRADE_DETECTED,1,1,0
2025-12-20T16:57:08.604000,normal,NONE,0,0,0
2025-12-20T16:57:08.605000,normal,NONE,0,0,1
2025-12-20T16:57:08.605000,normal,NONE,0,0,0
2025-12-20T16:57:08.605000,attack,OCPP_INJECTION_ATTEMPT,1,1,0
2025-12-20T16:57:08.605000,normal,NONE,0,0,0
2025-12-20T16:57:08.605000,normal,NONE,0,0,0
2025-12-20T16:57:08.605000,normal,NONE,0,0,0
2025-12-20T16:57:08.605000,normal,NONE,0,0,0
2025-12-20T16:57:08.605000,attack,OCPP_INJECTION_ATTEMPT,1,1,0
2025-12-20T16:57:08.605000,normal,NONE,0,0,0
2025-12-20T16:57:08.605000,normal,NONE,0,0,0
2025-12-20T16:57:08.606000,normal,NONE,0,0,1
2025-12-20T16:57:08.606000,normal,NONE,0,0,0
2025-12-20T16:57:08.606000,attack,OCPP_INJECTION_ATTEMPT,1,1,0
2025-12-20T16:57:08.606000,normal,NONE,0,0,0
2025-12-20T16:57:08.606000,normal,NONE,0,0,0
2025-12-20T16:57:08.606000,attack,OCPP_INJECTION_ATTEMPT,1,1,0
2025-12-20T16:57:08.606000,normal,NONE,0,0,0
2025-12-20T16:57:08.606000,normal,NONE,0,0,0
2025-12-20T16:57:08.606000,attack,OCPP_INJECTION_ATTEMPT,1,1,0
2025-12-20T16:57:08.606000,normal,NONE,0,0,0
2025-12-20T16:57:08.606000,normal,NONE,0,0,0
2025-12-20T16:57:08.607000,attack,OCPP_INJECTION_ATTEMPT,1,1,1
2025-12-20T16:57:08.607000,normal,NONE,0,0,0
2025-12-20T16:57:08.608000,normal,NONE,0,0,1
2025-12-20T16:57:08.608000,normal,NONE,0,0,0
2025-12-20T16:57:20.685000,normal,NONE,0,0,12077
2025-12-20T16:57:20.685000,normal,NONE,0,0,0
2025-12-20T16:57:20.686000,normal,NONE,0,0,1
2025-12-20T16:57:20.686000,attack,TLS_DOWGRADE_DETECTED,1,1,0
2025-12-20T16:57:20.686000,normal,NONE,0,0,0
2025-12-20T16:57:20.686000,normal,NONE,0,0,0
2025-12-20T16:57:20.686000,normal,NONE,0,0,0
2025-12-20T16:57:20.690000,attack,OCPP_INJECTION_ATTEMPT,1,1,4
2025-12-20T16:57:20.690000,normal,NONE,0,0,0
2025-12-20T16:57:20.690000,normal,NONE,0,0,0
2025-12-20T16:57:20.690000,normal,NONE,0,0,0
2025-12-20T16:57:20.690000,normal,NONE,0,0,0
2025-12-20T16:57:20.690000,normal,NONE,0,0,0
2025-12-20T16:57:20.690000,normal,NONE,0,0,0
2025-12-20T16:57:20.690000,attack,OCPP_INJECTION_ATTEMPT,1,1,0
2025-12-20T16:57:20.690000,normal,NONE,0,0,0
2025-12-20T16:57:20.690000,normal,NONE,0,0,0
2025-12-20T16:57:20.691000,normal,NONE,0,0,1
2025-12-20T16:57:20.691000,attack,OCPP_INJECTION_ATTEMPT,1,1,0
2025-12-20T16:57:20.691000,normal,NONE,0,0,0
2025-12-20T16:57:20.691000,normal,NONE,0,0,0
2025-12-20T16:57:20.691000,normal,NONE,0,0,0
2025-12-20T16:57:20.691000,attack,OCPP_INJECTION_ATTEMPT,1,1,0
2025-12-20T16:57:20.691000,normal,NONE,0,0,0
2025-12-20T16:57:20.691000,normal,NONE,0,0,0
2025-12-20T16:57:20.692000,normal,NONE,0,0,1
2025-12-20T16:57:20.692000,normal,NONE,0,0,0
2025-12-20T16:57:20.692000,attack,OCPP_VALIDATION_FAIL,1,1,0
2025-12-20T16:57:20.692000,normal,NONE,0,0,0
2025-12-20T16:57:20.692000,normal,NONE,0,0,0
2025-12-20T16:57:20.692000,attack,OCPP_VALIDATION_FAIL,1,1,0
2025-12-20T16:57:20.692000,normal,NONE,0,0,0
2025-12-20T16:57:20.692000,normal,NONE,0,0,0
2025-12-20T16:57:20.693000,normal,NONE,0,0,1
2025-12-20T16:57:20.693000,normal,NONE,0,0,0
2025-12-20T16:57:20.693000,normal,NONE,0,0,0
2025-12-20T16:57:20.693000,normal,NONE,0,0,0
2025-12-20T16:57:20.693000,normal,NONE,0,0,0
2025-12-20T16:57:20.693000,normal,NONE,0,0,0
2025-12-20T16:57:20.693000,attack,OCPP_VALIDATION_FAIL,1,1,0
2025-12-20T16:57:20.693000,normal,NONE,0,0,0
2025-12-20T16:57:20.693000,normal,NONE,0,0,0
2025-12-20T16:57:20.693000,attack,OCPP_VALIDATION_FAIL,1,1,0
2025-12-20T16:57:20.693000,normal,NONE,0,0,0
2025-12-20T16:57:20.694000,normal,NONE,0,0,1
2025-12-20T16:57:20.694000,normal,NONE,0,0,0
2025-12-20T16:57:20.694000,normal,NONE,0,0,0
2025-12-20T16:57:20.694000,normal,NONE,0,0,0
2025-12-20T16:57:20.694000,normal,NONE,0,0,0
2025-12-20T16:57:20.694000,attack,OCPP_VALIDATION_FAIL,1,1,0
2025-12-20T16:57:20.694000,normal,NONE,0,0,0
2025-12-20T16:57:20.694000,normal,NONE,0,0,0
2025-12-20T16:57:20.694000,attack,OCPP_VALIDATION_FAIL,1,1,0
2025-12-20T16:57:20.694000,normal,NONE,0,0,0
2025-12-20T16:57:20.694000,normal,NONE,0,0,0
2025-12-20T16:57:20.695000,normal,NONE,0,0,1
2025-12-20T16:57:20.695000,normal,NONE,0,0,0
2025-12-20T16:57:20.695000,attack,OCPP_VALIDATION_FAIL,1,1,0
2025-12-20T16:57:20.695000,normal,NONE,0,0,0
2025-12-20T16:57:20.695000,normal,NONE,0,0,0
2025-12-20T16:57:20.695000,normal,NONE,0,0,0
2025-12-20T16:57:20.695000,normal,NONE,0,0,0
2025-12-20T16:57:20.695000,attack,OCPP_VALIDATION_FAIL,1,1,0
2025-12-20T16:57:20.695000,normal,NONE,0,0,0
2025-12-20T16:57:20.695000,normal,NONE,0,0,0
2025-12-20T16:57:20.696000,attack,OCPP_VALIDATION_FAIL,1,1,1
2025-12-20T16:57:20.696000,normal,NONE,0,0,0
2025-12-20T16:57:20.696000,normal,NONE,0,0,0
2025-12-20T16:57:20.696000,normal,NONE,0,0,0
2025-12-20T16:57:20.696000,normal,NONE,0,0,0
2025-12-20T16:57:20.696000,attack,TLS_DOWGRADE_DETECTED,1,1,0
2025-12-20T16:57:20.696000,normal,NONE,0,0,0
2025-12-20T16:57:20.697000,normal,NONE,0,0,1
2025-12-20T16:57:20.697000,normal,NONE,0,0,0
2025-12-20T16:57:20.697000,normal,NONE,0,0,0
2025-12-20T16:57:20.697000,normal,NONE,0,0,0
2025-12-20T16:57:20.697000,attack,OCPP_INJECTION_ATTEMPT,1,1,0
2025-12-20T16:57:20.697000,normal,NONE,0,0,0
2025-12-20T16:57:20.697000,normal,NONE,0,0,0
2025-12-20T16:57:20.697000,attack,OCPP_INJECTION_ATTEMPT,1,1,0
2025-12-20T16:57:20.698000,normal,NONE,0,0,1
2025-12-20T16:57:20.698000,normal,NONE,0,0,0
2025-12-20T16:57:20.698000,normal,NONE,0,0,0
2025-12-20T16:57:20.698000,normal,NONE,0,0,0
2025-12-20T16:57:20.698000,normal,NONE,0,0,0
2025-12-20T16:57:20.698000,normal,NONE,0,0,0
2025-12-20T16:57:20.698000,attack,OCPP_INJECTION_ATTEMPT,1,1,0
2025-12-20T16:57:20.698000,normal,NONE,0,0,0
2025-12-20T16:57:20.698000,normal,NONE,0,0,0
2025-12-20T16:57:20.699000,normal,NONE,0,0,1
2025-12-20T16:57:20.699000,normal,NONE,0,0,0
2025-12-20T16:57:20.699000,attack,TLS_DOWGRADE_DETECTED,1,1,0
2025-12-20T16:57:20.699000,normal,NONE,0,0,0
2025-12-20T16:57:20.699000,normal,NONE,0,0,0
2025-12-20T16:57:20.699000,normal,NONE,0,0,0
2025-12-20T16:57:20.699000,normal,NONE,0,0,0
2025-12-20T16:57:20.699000,normal,NONE,0,0,0
2025-12-20T16:57:20.699000,attack,OCPP_INJECTION_ATTEMPT,1,1,0
2025-12-20T16:57:20.699000,normal,NONE,0,0,0
2025-12-20T16:57:20.699000,normal,NONE,0,0,0
2025-12-20T16:57:20.699000,attack,OCPP_INJECTION_ATTEMPT,1,1,0
2025-12-20T16:57:20.700000,normal,NONE,0,0,1
2025-12-20T16:57:20.700000,normal,NONE,0,0,0
2025-12-20T16:57:20.700000,attack,OCPP_INJECTION_ATTEMPT,1,1,0
2025-12-20T16:57:20.700000,normal,NONE,0,0,0
2025-12-20T16:57:20.700000,normal,NONE,0,0,0
2025-12-20T16:57:20.700000,normal,NONE,0,0,0
2025-12-20T16:57:20.700000,attack,OCPP_INJECTION_ATTEMPT,1,1,0
2025-12-20T16:57:20.700000,normal,NONE,0,0,0
2025-12-20T16:57:20.700000,normal,NONE,0,0,0
2025-12-20T16:57:20.700000,attack,OCPP_INJECTION_ATTEMPT,1,1,0
2025-12-20T16:57:20.700000,normal,NONE,0,0,0
2025-12-20T16:57:20.700000,normal,NONE,0,0,0
2025-12-20T16:57:20.700000,normal,NONE,0,0,0
2025-12-20T16:57:20.701000,attack,OCPP_INJECTION_ATTEMPT,1,1,1
2025-12-20T16:57:20.701000,normal,NONE,0,0,0
2025-12-20T16:57:20.702000,normal,NONE,0,0,1
2025-12-20T16:57:20.702000,normal,NONE,0,0,0
2025-12-20T16:41:14.071000,normal,NONE,0,0,-966631
2025-12-20T16:41:14.072000,normal,NONE,0,0,1
2025-12-20T16:41:14.072000,normal,NONE,0,0,0
2025-12-20T16:41:14.072000,normal,NONE,0,0,0
2025-12-20T16:41:14.073000,normal,NONE,0,0,1
2025-12-20T16:41:14.073000,attack,OCPP_VALIDATION_FAIL,1,1,0
2025-12-20T16:41:14.073000,normal,NONE,0,0,0
2025-12-20T16:41:14.073000,normal,NONE,0,0,0
2025-12-20T16:41:14.073000,normal,NONE,0,0,0
2025-12-20T16:41:14.073000,attack,OCPP_VALIDATION_FAIL,1,1,0
2025-12-20T16:41:14.073000,normal,NONE,0,0,0
2025-12-20T16:41:14.073000,normal,NONE,0,0,0
2025-12-20T16:41:14.073000,normal,NONE,0,0,0
2025-12-20T16:41:14.074000,normal,NONE,0,0,1
2025-12-20T16:41:14.074000,normal,NONE,0,0,0
2025-12-20T16:41:14.074000,normal,NONE,0,0,0
2025-12-20T16:41:14.074000,normal,NONE,0,0,0
2025-12-20T16:41:14.074000,attack,OCPP_VALIDATION_FAIL,1,1,0
2025-12-20T16:41:14.074000,normal,NONE,0,0,0
2025-12-20T16:41:14.074000,normal,NONE,0,0,0
2025-12-20T16:41:14.074000,normal,NONE,0,0,0
2025-12-20T16:41:14.074000,normal,NONE,0,0,0
2025-12-20T16:41:14.074000,attack,TLS_DOWGRADE_DETECTED,1,1,0
2025-12-20T16:41:14.074000,normal,NONE,0,0,0
2025-12-20T16:41:14.074000,normal,NONE,0,0,0
2025-12-20T16:41:14.075000,normal,NONE,0,0,1
2025-12-20T16:41:14.075000,normal,NONE,0,0,0
2025-12-20T16:41:14.075000,attack,OCPP_INJECTION_ATTEMPT,1,1,0
2025-12-20T16:41:14.075000,normal,NONE,0,0,0
2025-12-20T16:41:14.075000,normal,NONE,0,0,0
2025-12-20T16:41:14.075000,normal,NONE,0,0,0
2025-12-20T16:41:14.075000,attack,OCPP_INJECTION_ATTEMPT,1,1,0
2025-12-20T16:41:14.075000,normal,NONE,0,0,0
2025-12-20T16:41:14.075000,normal,NONE,0,0,0
2025-12-20T16:41:14.075000,normal,NONE,0,0,0
2025-12-20T16:41:14.075000,attack,OCPP_INJECTION_ATTEMPT,1,1,0
2025-12-20T16:41:14.075000,normal,NONE,0,0,0
2025-12-20T16:41:14.075000,normal,NONE,0,0,0
2025-12-20T16:41:14.076000,normal,NONE,0,0,1
2025-12-20T16:41:14.076000,attack,OCPP_INJECTION_ATTEMPT,1,1,0
2025-12-20T16:41:14.076000,normal,NONE,0,0,0
2025-12-20T16:41:14.076000,normal,NONE,0,0,0
2025-12-20T16:41:14.076000,attack,OCPP_INJECTION_ATTEMPT,1,1,0
2025-12-20T16:41:14.076000,normal,NONE,0,0,0
2025-12-20T16:41:14.076000,normal,NONE,0,0,0
2025-12-20T16:41:14.076000,attack,OCPP_INJECTION_ATTEMPT,1,1,0
2025-12-20T16:41:14.076000,normal,NONE,0,0,0
2025-12-20T16:41:14.076000,normal,NONE,0,0,0
2025-12-20T16:41:14.077000,normal,NONE,0,0,1
2025-12-20T16:41:14.077000,attack,TLS_DOWGRADE_DETECTED,1,1,0
2025-12-20T16:41:14.077000,normal,NONE,0,0,0
2025-12-20T16:41:14.077000,normal,NONE,0,0,0
2025-12-20T16:41:14.077000,normal,NONE,0,0,0
2025-12-20T16:41:14.077000,attack,OCPP_INJECTION_ATTEMPT,1,1,0
2025-12-20T16:41:14.077000,normal,NONE,0,0,0
2025-12-20T16:41:14.078000,normal,NONE,0,0,1
2025-12-20T16:41:14.078000,attack,OCPP_INJECTION_ATTEMPT,1,1,0
2025-12-20T16:41:14.078000,normal,NONE,0,0,0
2025-12-20T16:41:14.079000,normal,NONE,0,0,1
2025-12-20T16:41:14.079000,normal,NONE,0,0,0
2025-12-20T16:41:14.079000,normal,NONE,0,0,0
2025-12-20T16:41:14.079000,normal,NONE,0,0,0
2025-12-20T16:41:14.079000,attack,OCPP_INJECTION_ATTEMPT,1,1,0
2025-12-20T16:41:14.080000,normal,NONE,0,0,1
2025-12-20T16:41:14.080000,normal,NONE,0,0,0
2025-12-20T16:41:14.080000,normal,NONE,0,0,0
2025-12-20T16:41:14.080000,attack,OCPP_INJECTION_ATTEMPT,1,1,0
2025-12-20T16:41:14.080000,normal,NONE,0,0,0
2025-12-20T16:41:14.080000,normal,NONE,0,0,0
2025-12-20T16:41:14.080000,attack,OCPP_INJECTION_ATTEMPT,1,1,0
2025-12-20T16:41:14.080000,normal,NONE,0,0,0
2025-12-20T16:41:14.080000,normal,NONE,0,0,0
2025-12-20T16:41:14.081000,attack,OCPP_INJECTION_ATTEMPT,1,1,1
2025-12-20T16:41:14.081000,normal,NONE,0,0,0
2025-12-20T16:41:14.082000,normal,NONE,0,0,1
2025-12-20T16:41:14.082000,normal,NONE,0,0,0
2025-12-20T16:45:57.642000,normal,NONE,0,0,283560
2025-12-20T16:45:57.642000,normal,NONE,0,0,0
2025-12-20T16:45:57.642000,normal,NONE,0,0,0
2025-12-20T16:45:57.642000,normal,NONE,0,0,0
2025-12-20T16:45:57.643000,normal,NONE,0,0,1
2025-12-20T16:45:57.643000,normal,NONE,0,0,0
2025-12-20T16:45:57.643000,attack,OCPP_VALIDATION_FAIL,1,1,0
2025-12-20T16:45:57.646000,normal,NONE,0,0,3
2025-12-20T16:45:57.646000,normal,NONE,0,0,0
2025-12-20T16:45:57.646000,attack,OCPP_VALIDATION_FAIL,1,1,0
2025-12-20T16:45:57.646000,normal,NONE,0,0,0
2025-12-20T16:45:57.646000,normal,NONE,0,0,0
2025-12-20T16:45:57.646000,attack,OCPP_VALIDATION_FAIL,1,1,0
2025-12-20T16:45:57.646000,normal,NONE,0,0,0
2025-12-20T16:45:57.647000,normal,NONE,0,0,1
2025-12-20T16:45:57.647000,normal,NONE,0,0,0
2025-12-20T16:45:57.647000,attack,OCPP_VALIDATION_FAIL,1,1,0
2025-12-20T16:45:57.647000,normal,NONE,0,0,0
2025-12-20T16:45:57.647000,normal,NONE,0,0,0
2025-12-20T16:45:57.648000,normal,NONE,0,0,1
2025-12-20T16:45:57.648000,attack,OCPP_VALIDATION_FAIL,1,1,0
2025-12-20T16:45:57.648000,normal,NONE,0,0,0
2025-12-20T16:45:57.648000,normal,NONE,0,0,0
2025-12-20T16:45:57.649000,attack,OCPP_VALIDATION_FAIL,1,1,1
2025-12-20T16:45:57.649000,normal,NONE,0,0,0
2025-12-20T16:45:57.649000,normal,NONE,0,0,0
2025-12-20T16:45:57.649000,normal,NONE,0,0,0
2025-12-20T16:45:57.650000,normal,NONE,0,0,1
2025-12-20T16:45:57.650000,normal,NONE,0,0,0
2025-12-20T16:45:57.650000,normal,NONE,0,0,0
2025-12-20T16:45:57.650000,attack,OCPP_VALIDATION_FAIL,1,1,0
2025-12-20T16:45:57.650000,normal,NONE,0,0,0
2025-12-20T16:45:57.651000,normal,NONE,0,0,1
2025-12-20T16:45:57.651000,attack,OCPP_VALIDATION_FAIL,1,1,0
2025-12-20T16:45:57.651000,normal,NONE,0,0,0
2025-12-20T16:45:57.651000,normal,NONE,0,0,0
2025-12-20T16:45:57.651000,attack,OCPP_VALIDATION_FAIL,1,1,0
2025-12-20T16:45:57.652000,normal,NONE,0,0,1
2025-12-20T16:45:57.652000,normal,NONE,0,0,0
2025-12-20T16:45:57.652000,normal,NONE,0,0,0
2025-12-20T16:45:57.653000,attack,OCPP_VALIDATION_FAIL,1,1,1
2025-12-20T16:45:57.653000,normal,NONE,0,0,0
2025-12-20T16:45:57.653000,normal,NONE,0,0,0
2025-12-20T16:45:57.654000,attack,OCPP_VALIDATION_FAIL,1,1,1
2025-12-20T16:45:57.654000,normal,NONE,0,0,0
2025-12-20T16:45:57.654000,normal,NONE,0,0,0
2025-12-20T16:45:57.655000,normal,NONE,0,0,1
2025-12-20T16:45:57.655000,attack,OCPP_VALIDATION_FAIL,1,1,0
2025-12-20T16:45:57.655000,normal,NONE,0,0,0
2025-12-20T16:45:57.655000,normal,NONE,0,0,0
2025-12-20T16:45:57.655000,attack,OCPP_VALIDATION_FAIL,1,1,0
2025-12-20T16:45:57.655000,normal,NONE,0,0,0
2025-12-20T16:45:57.655000,normal,NONE,0,0,0
2025-12-20T16:45:57.655000,normal,NONE,0,0,0
2025-12-20T16:45:57.655000,normal,NONE,0,0,0
2025-12-20T16:45:57.655000,attack,TLS_DOWGRADE_DETECTED,1,1,0
2025-12-20T16:45:57.656000,normal,NONE,0,0,1
2025-12-20T16:45:57.656000,normal,NONE,0,0,0
2025-12-20T16:45:57.656000,normal,NONE,0,0,0
2025-12-20T16:45:57.656000,attack,OCPP_INJECTION_ATTEMPT,1,1,0
2025-12-20T16:45:57.656000,normal,NONE,0,0,0
2025-12-20T16:45:57.656000,normal,NONE,0,0,0
2025-12-20T16:45:57.656000,normal,NONE,0,0,0
2025-12-20T16:45:57.656000,normal,NONE,0,0,0
2025-12-20T16:45:57.656000,normal,NONE,0,0,0
2025-12-20T16:45:57.657000,normal,NONE,0,0,1
2025-12-20T16:45:57.657000,normal,NONE,0,0,0
2025-12-20T16:45:57.657000,normal,NONE,0,0,0
2025-12-20T16:45:57.657000,normal,NONE,0,0,0
2025-12-20T16:45:57.657000,normal,NONE,0,0,0
2025-12-20T16:45:57.657000,attack,OCPP_INJECTION_ATTEMPT,1,1,0
2025-12-20T16:45:57.657000,normal,NONE,0,0,0
2025-12-20T16:45:57.658000,normal,NONE,0,0,1
2025-12-20T16:45:57.658000,normal,NONE,0,0,0
2025-12-20T16:46:28.477000,normal,NONE,0,0,30819
2025-12-20T16:46:28.478000,normal,NONE,0,0,1
2025-12-20T16:46:28.478000,normal,NONE,0,0,0
2025-12-20T16:46:28.478000,attack,TLS_DOWGRADE_DETECTED,1,1,0
2025-12-20T16:46:28.478000,normal,NONE,0,0,0
2025-12-20T16:46:28.478000,normal,NONE,0,0,0
2025-12-20T16:46:28.478000,normal,NONE,0,0,0
2025-12-20T16:46:28.481000,attack,OCPP_INJECTION_ATTEMPT,1,1,3
2025-12-20T16:46:28.482000,normal,NONE,0,0,1
2025-12-20T16:46:28.482000,normal,NONE,0,0,0
2025-12-20T16:46:28.482000,normal,NONE,0,0,0
2025-12-20T16:46:28.482000,normal,NONE,0,0,0
2025-12-20T16:46:28.482000,normal,NONE,0,0,0
2025-12-20T16:46:28.482000,attack,OCPP_INJECTION_ATTEMPT,1,1,0
2025-12-20T16:46:28.482000,normal,NONE,0,0,0
2025-12-20T16:46:28.482000,normal,NONE,0,0,0
2025-12-20T16:46:28.483000,normal,NONE,0,0,1
2025-12-20T16:46:28.483000,attack,OCPP_INJECTION_ATTEMPT,1,1,0
2025-12-20T16:46:28.483000,normal,NONE,0,0,0
2025-12-20T16:46:28.483000,normal,NONE,0,0,0
2025-12-20T16:46:28.483000,attack,OCPP_INJECTION_ATTEMPT,1,1,0
2025-12-20T16:46:28.483000,normal,NONE,0,0,0
2025-12-20T16:46:28.483000,normal,NONE,0,0,0
2025-12-20T16:46:28.483000,normal,NONE,0,0,0
2025-12-20T16:46:28.483000,normal,NONE,0,0,0
2025-12-20T16:46:28.483000,normal,NONE,0,0,0
2025-12-20T16:46:28.484000,attack,TLS_DOWGRADE_DETECTED,1,1,1
2025-12-20T16:46:28.484000,normal,NONE,0,0,0
2025-12-20T16:46:28.484000,normal,NONE,0,0,0
2025-12-20T16:46:28.484000,normal,NONE,0,0,0
2025-12-20T16:46:28.484000,normal,NONE,0,0,0
2025-12-20T16:46:28.484000,attack,OCPP_INJECTION_ATTEMPT,1,1,0
2025-12-20T16:46:28.484000,normal,NONE,0,0,0
2025-12-20T16:46:28.484000,normal,NONE,0,0,0
2025-12-20T16:46:28.485000,attack,OCPP_INJECTION_ATTEMPT,1,1,1
2025-12-20T16:46:28.485000,normal,NONE,0,0,0
2025-12-20T16:46:28.485000,normal,NONE,0,0,0
2025-12-20T16:46:28.485000,normal,NONE,0,0,0
2025-12-20T16:46:28.485000,normal,NONE,0,0,0
2025-12-20T16:46:28.486000,normal,NONE,0,0,1
2025-12-20T16:46:28.486000,normal,NONE,0,0,0
2025-12-20T16:46:28.486000,normal,NONE,0,0,0
2025-12-20T16:46:28.486000,normal,NONE,0,0,0
2025-12-20T16:46:28.486000,attack,OCPP_INJECTION_ATTEMPT,1,1,0
2025-12-20T16:46:28.486000,normal,NONE,0,0,0
2025-12-20T16:46:28.487000,normal,NONE,0,0,1
2025-12-20T16:46:28.487000,normal,NONE,0,0,0
2025-12-20T16:46:28.487000,attack,TLS_DOWGRADE_DETECTED,1,1,0
2025-12-20T16:46:28.487000,normal,NONE,0,0,0
2025-12-20T16:46:28.487000,normal,NONE,0,0,0
2025-12-20T16:46:28.487000,normal,NONE,0,0,0
2025-12-20T16:46:28.487000,attack,OCPP_INJECTION_ATTEMPT,1,1,0
2025-12-20T16:46:28.487000,normal,NONE,0,0,0
2025-12-20T16:46:28.487000,normal,NONE,0,0,0
2025-12-20T16:46:28.487000,normal,NONE,0,0,0
2025-12-20T16:46:28.488000,normal,NONE,0,0,1
2025-12-20T16:46:28.488000,normal,NONE,0,0,0
2025-12-20T16:46:28.488000,attack,OCPP_INJECTION_ATTEMPT,1,1,0
2025-12-20T16:46:28.488000,normal,NONE,0,0,0
2025-12-20T16:46:28.488000,normal,NONE,0,0,0
2025-12-20T16:46:28.488000,attack,OCPP_INJECTION_ATTEMPT,1,1,0
2025-12-20T16:46:28.488000,normal,NONE,0,0,0
2025-12-20T16:46:28.488000,normal,NONE,0,0,0
2025-12-20T16:46:28.489000,attack,OCPP_INJECTION_ATTEMPT,1,1,1
2025-12-20T16:46:28.489000,normal,NONE,0,0,0
2025-12-20T16:46:28.489000,normal,NONE,0,0,0
2025-12-20T16:46:28.489000,normal,NONE,0,0,0
2025-12-20T16:46:28.489000,normal,NONE,0,0,0
2025-12-20T16:46:28.489000,attack,OCPP_INJECTION_ATTEMPT,1,1,0
2025-12-20T16:46:28.489000,normal,NONE,0,0,0
2025-12-20T16:46:28.490000,normal,NONE,0,0,1
2025-12-20T16:46:28.491000,normal,NONE,0,0,1
2025-12-20T16:46:44.891000,normal,NONE,0,0,16400
2025-12-20T16:46:44.892000,normal,NONE,0,0,1
2025-12-20T16:46:44.892000,normal,NONE,0,0,0
2025-12-20T16:46:44.892000,attack,TLS_DOWGRADE_DETECTED,1,1,0
2025-12-20T16:46:44.892000,normal,NONE,0,0,0
2025-12-20T16:46:44.892000,normal,NONE,0,0,0
2025-12-20T16:46:44.892000,normal,NONE,0,0,0
2025-12-20T16:46:44.896000,normal,NONE,0,0,4
2025-12-20T16:46:44.896000,attack,OCPP_INJECTION_ATTEMPT,1,1,0
2025-12-20T16:46:44.897000,normal,NONE,0,0,1
2025-12-20T16:46:44.897000,normal,NONE,0,0,0
2025-12-20T16:46:44.897000,normal,NONE,0,0,0
2025-12-20T16:46:44.897000,normal,NONE,0,0,0
2025-12-20T16:46:44.897000,attack,OCPP_INJECTION_ATTEMPT,1,1,0
2025-12-20T16:46:44.898000,normal,NONE,0,0,1
2025-12-20T16:46:44.898000,normal,NONE,0,0,0
2025-12-20T16:46:44.898000,normal,NONE,0,0,0
2025-12-20T16:46:44.898000,attack,OCPP_INJECTION_ATTEMPT,1,1,0
2025-12-20T16:46:44.898000,normal,NONE,0,0,0
2025-12-20T16:46:44.899000,normal,NONE,0,0,1
2025-12-20T16:46:44.899000,normal,NONE,0,0,0
2025-12-20T16:46:44.899000,normal,NONE,0,0,0
2025-12-20T16:46:44.899000,normal,NONE,0,0,0
2025-12-20T16:46:44.899000,normal,NONE,0,0,0
2025-12-20T16:46:44.899000,attack,TLS_DOWGRADE_DETECTED,1,1,0
2025-12-20T16:46:44.899000,normal,NONE,0,0,0
2025-12-20T16:46:44.899000,normal,NONE,0,0,0
2025-12-20T16:46:44.899000,normal,NONE,0,0,0
2025-12-20T16:46:44.899000,attack,OCPP_INJECTION_ATTEMPT,1,1,0
2025-12-20T16:46:44.900000,normal,NONE,0,0,1
2025-12-20T16:46:44.900000,normal,NONE,0,0,0
2025-12-20T16:46:44.900000,normal,NONE,0,0,0
2025-12-20T16:46:44.900000,attack,OCPP_INJECTION_ATTEMPT,1,1,0
2025-12-20T16:46:44.900000,normal,NONE,0,0,0
2025-12-20T16:46:44.900000,normal,NONE,0,0,0
2025-12-20T16:46:44.900000,normal,NONE,0,0,0
2025-12-20T16:46:44.900000,normal,NONE,0,0,0
2025-12-20T16:46:44.900000,normal,NONE,0,0,0
2025-12-20T16:46:44.900000,attack,OCPP_INJECTION_ATTEMPT,1,1,0
2025-12-20T16:46:44.900000,normal,NONE,0,0,0
2025-12-20T16:46:44.900000,normal,NONE,0,0,0
2025-12-20T16:46:44.900000,normal,NONE,0,0,0
2025-12-20T16:46:44.900000,attack,OCPP_INJECTION_ATTEMPT,1,1,0
2025-12-20T16:46:44.901000,normal,NONE,0,0,1
2025-12-20T16:46:44.901000,normal,NONE,0,0,0
2025-12-20T16:46:44.901000,attack,OCPP_INJECTION_ATTEMPT,1,1,0
2025-12-20T16:46:44.901000,normal,NONE,0,0,0
2025-12-20T16:46:44.901000,normal,NONE,0,0,0
2025-12-20T16:46:44.901000,normal,NONE,0,0,0
2025-12-20T16:46:44.901000,attack,TLS_DOWGRADE_DETECTED,1,1,0
2025-12-20T16:46:44.901000,normal,NONE,0,0,0
2025-12-20T16:46:44.901000,normal,NONE,0,0,0
2025-12-20T16:46:44.901000,normal,NONE,0,0,0
2025-12-20T16:46:44.901000,normal,NONE,0,0,0
2025-12-20T16:46:44.901000,attack,OCPP_INJECTION_ATTEMPT,1,1,0
2025-12-20T16:46:44.902000,normal,NONE,0,0,1
2025-12-20T16:46:44.902000,normal,NONE,0,0,0
2025-12-20T16:46:44.902000,normal,NONE,0,0,0
2025-12-20T16:46:44.902000,attack,OCPP_INJECTION_ATTEMPT,1,1,0
2025-12-20T16:46:44.902000,normal,NONE,0,0,0
2025-12-20T16:46:44.903000,normal,NONE,0,0,1
2025-12-20T16:46:44.904000,normal,NONE,0,0,1
2025-12-20T16:46:44.910000,attack,OCPP_INJECTION_ATTEMPT,1,1,6
2025-12-20T16:46:44.911000,normal,NONE,0,0,1
2025-12-20T16:46:44.911000,normal,NONE,0,0,0
2025-12-20T16:46:44.911000,normal,NONE,0,0,0
2025-12-20T16:46:44.912000,normal,NONE,0,0,1
2025-12-20T16:46:44.912000,normal,NONE,0,0,0
2025-12-20T16:46:44.913000,normal,NONE,0,0,1
2025-12-20T16:46:44.914000,normal,NONE,0,0,1
2025-12-20T16:46:54.233000,normal,NONE,0,0,9319
2025-12-20T16:46:54.233000,normal,NONE,0,0,0
2025-12-20T16:46:54.233000,normal,NONE,0,0,0
2025-12-20T16:46:54.234000,normal,NONE,0,0,1
2025-12-20T16:46:54.234000,attack,OCPP_VALIDATION_FAIL,1,1,0
2025-12-20T16:46:54.234000,normal,NONE,0,0,0
2025-12-20T16:46:54.234000,normal,NONE,0,0,0
2025-12-20T16:46:54.237000,normal,NONE,0,0,3
2025-12-20T16:46:54.237000,attack,OCPP_VALIDATION_FAIL,1,1,0
2025-12-20T16:46:54.237000,normal,NONE,0,0,0
2025-12-20T16:46:54.238000,normal,NONE,0,0,1
2025-12-20T16:46:54.238000,normal,NONE,0,0,0
2025-12-20T16:46:54.238000,normal,NONE,0,0,0
2025-12-20T16:46:54.238000,normal,NONE,0,0,0
2025-12-20T16:46:54.238000,normal,NONE,0,0,0
2025-12-20T16:46:54.238000,normal,NONE,0,0,0
2025-12-20T16:46:54.238000,attack,OCPP_VALIDATION_FAIL,1,1,0
2025-12-20T16:46:54.238000,normal,NONE,0,0,0
2025-12-20T16:46:54.238000,normal,NONE,0,0,0
2025-12-20T16:46:54.238000,normal,NONE,0,0,0
2025-12-20T16:46:54.239000,normal,NONE,0,0,1
2025-12-20T16:46:54.239000,normal,NONE,0,0,0
2025-12-20T16:46:54.239000,normal,NONE,0,0,0
2025-12-20T16:46:54.239000,normal,NONE,0,0,0
2025-12-20T16:46:54.239000,normal,NONE,0,0,0
2025-12-20T16:46:54.239000,normal,NONE,0,0,0
2025-12-20T16:46:54.240000,attack,OCPP_VALIDATION_FAIL,1,1,1
2025-12-20T16:46:54.240000,normal,NONE,0,0,0
2025-12-20T16:46:54.241000,normal,NONE,0,0,1
2025-12-20T16:46:54.241000,normal,NONE,0,0,0
2025-12-20T16:46:54.241000,attack,OCPP_VALIDATION_FAIL,1,1,0
2025-12-20T16:46:54.241000,normal,NONE,0,0,0
2025-12-20T16:46:54.241000,normal,NONE,0,0,0
2025-12-20T16:46:54.241000,normal,NONE,0,0,0
2025-12-20T16:46:54.241000,normal,NONE,0,0,0
2025-12-20T16:46:54.241000,attack,OCPP_VALIDATION_FAIL,1,1,0
2025-12-20T16:46:54.242000,normal,NONE,0,0,1
2025-12-20T16:46:54.242000,normal,NONE,0,0,0
2025-12-20T16:46:54.242000,normal,NONE,0,0,0
2025-12-20T16:46:54.242000,normal,NONE,0,0,0
2025-12-20T16:46:54.242000,normal,NONE,0,0,0
2025-12-20T16:46:54.242000,normal,NONE,0,0,0
2025-12-20T16:46:54.242000,attack,OCPP_VALIDATION_FAIL,1,1,0
2025-12-20T16:46:54.242000,normal,NONE,0,0,0
2025-12-20T16:46:54.242000,normal,NONE,0,0,0
2025-12-20T16:46:54.242000,normal,NONE,0,0,0
2025-12-20T16:46:54.242000,attack,OCPP_VALIDATION_FAIL,1,1,0
2025-12-20T16:46:54.243000,normal,NONE,0,0,1
2025-12-20T16:46:54.243000,normal,NONE,0,0,0
2025-12-20T16:46:54.243000,normal,NONE,0,0,0
2025-12-20T16:46:54.243000,attack,OCPP_VALIDATION_FAIL,1,1,0
2025-12-20T16:46:54.243000,normal,NONE,0,0,0
2025-12-20T16:46:54.243000,normal,NONE,0,0,0
2025-12-20T16:46:54.243000,attack,OCPP_VALIDATION_FAIL,1,1,0
2025-12-20T16:46:54.243000,normal,NONE,0,0,0
2025-12-20T16:46:54.243000,normal,NONE,0,0,0
2025-12-20T16:46:54.243000,normal,NONE,0,0,0
2025-12-20T16:46:54.244000,attack,OCPP_VALIDATION_FAIL,1,1,1
2025-12-20T16:46:54.244000,normal,NONE,0,0,0
2025-12-20T16:46:54.244000,normal,NONE,0,0,0
2025-12-20T16:46:54.244000,normal,NONE,0,0,0
2025-12-20T16:46:54.244000,normal,NONE,0,0,0
2025-12-20T16:46:54.245000,normal,NONE,0,0,1
2025-12-20T16:46:54.245000,normal,NONE,0,0,0
2025-12-20T16:47:13.967000,normal,NONE,0,0,19722
2025-12-20T16:47:13.967000,normal,NONE,0,0,0
2025-12-20T16:47:13.968000,normal,NONE,0,0,1
2025-12-20T16:47:13.968000,attack,TLS_DOWGRADE_DETECTED,1,1,0
2025-12-20T16:47:13.968000,normal,NONE,0,0,0
2025-12-20T16:47:13.968000,normal,NONE,0,0,0
2025-12-20T16:47:13.968000,normal,NONE,0,0,0
2025-12-20T16:47:13.972000,attack,OCPP_INJECTION_ATTEMPT,1,1,4
2025-12-20T16:47:13.972000,normal,NONE,0,0,0
2025-12-20T16:47:13.972000,normal,NONE,0,0,0
2025-12-20T16:47:13.972000,normal,NONE,0,0,0
2025-12-20T16:47:13.972000,attack,OCPP_INJECTION_ATTEMPT,1,1,0
2025-12-20T16:47:13.972000,normal,NONE,0,0,0
2025-12-20T16:47:13.972000,normal,NONE,0,0,0
2025-12-20T16:47:13.972000,attack,OCPP_INJECTION_ATTEMPT,1,1,0
2025-12-20T16:47:13.972000,normal,NONE,0,0,0
2025-12-20T16:47:13.972000,normal,NONE,0,0,0
2025-12-20T16:47:13.973000,normal,NONE,0,0,1
2025-12-20T16:47:13.973000,attack,OCPP_INJECTION_ATTEMPT,1,1,0
2025-12-20T16:47:13.973000,normal,NONE,0,0,0
2025-12-20T16:47:13.973000,normal,NONE,0,0,0
2025-12-20T16:47:13.973000,attack,OCPP_INJECTION_ATTEMPT,1,1,0
2025-12-20T16:47:13.973000,normal,NONE,0,0,0
2025-12-20T16:47:13.973000,normal,NONE,0,0,0
2025-12-20T16:47:13.973000,normal,NONE,0,0,0
2025-12-20T16:47:13.973000,normal,NONE,0,0,0
2025-12-20T16:47:13.974000,normal,NONE,0,0,1
2025-12-20T16:47:13.974000,normal,NONE,0,0,0
2025-12-20T16:47:13.974000,attack,TLS_DOWGRADE_DETECTED,1,1,0
2025-12-20T16:47:13.974000,normal,NONE,0,0,0
2025-12-20T16:47:13.974000,normal,NONE,0,0,0
2025-12-20T16:47:13.974000,normal,NONE,0,0,0
2025-12-20T16:47:13.975000,normal,NONE,0,0,1
2025-12-20T16:47:13.975000,normal,NONE,0,0,0
2025-12-20T16:47:13.975000,normal,NONE,0,0,0
2025-12-20T16:47:13.975000,attack,OCPP_INJECTION_ATTEMPT,1,1,0
2025-12-20T16:47:13.975000,normal,NONE,0,0,0
2025-12-20T16:47:13.975000,normal,NONE,0,0,0
2025-12-20T16:47:13.975000,normal,NONE,0,0,0
2025-12-20T16:47:13.975000,normal,NONE,0,0,0
2025-12-20T16:47:13.975000,normal,NONE,0,0,0
2025-12-20T16:47:13.975000,attack,OCPP_INJECTION_ATTEMPT,1,1,0
2025-12-20T16:47:13.975000,normal,NONE,0,0,0
2025-12-20T16:47:13.976000,normal,NONE,0,0,1
2025-12-20T16:47:13.976000,attack,OCPP_INJECTION_ATTEMPT,1,1,0
2025-12-20T16:47:13.976000,normal,NONE,0,0,0
2025-12-20T16:47:13.976000,normal,NONE,0,0,0
2025-12-20T16:47:13.976000,normal,NONE,0,0,0
2025-12-20T16:47:13.976000,normal,NONE,0,0,0
2025-12-20T16:47:13.976000,normal,NONE,0,0,0
2025-12-20T16:47:13.976000,attack,OCPP_VALIDATION_FAIL,1,1,0
2025-12-20T16:47:13.976000,normal,NONE,0,0,0
2025-12-20T16:47:13.977000,normal,NONE,0,0,1
2025-12-20T16:47:13.977000,normal,NONE,0,0,0
2025-12-20T16:47:13.977000,normal,NONE,0,0,0
2025-12-20T16:47:13.977000,normal,NONE,0,0,0
2025-12-20T16:47:13.977000,attack,OCPP_VALIDATION_FAIL,1,1,0
2025-12-20T16:47:13.977000,normal,NONE,0,0,0
2025-12-20T16:47:13.977000,normal,NONE,0,0,0
2025-12-20T16:47:13.978000,attack,OCPP_VALIDATION_FAIL,1,1,1
2025-12-20T16:47:13.978000,normal,NONE,0,0,0
2025-12-20T16:47:13.978000,normal,NONE,0,0,0
2025-12-20T16:47:13.979000,attack,OCPP_VALIDATION_FAIL,1,1,1
2025-12-20T16:47:13.979000,normal,NONE,0,0,0
2025-12-20T16:47:13.979000,normal,NONE,0,0,0
2025-12-20T16:47:13.980000,normal,NONE,0,0,1
2025-12-20T16:47:13.980000,attack,OCPP_VALIDATION_FAIL,1,1,0
2025-12-20T16:47:13.980000,normal,NONE,0,0,0
2025-12-20T16:47:13.980000,normal,NONE,0,0,0
2025-12-20T16:47:13.980000,attack,OCPP_VALIDATION_FAIL,1,1,0
2025-12-20T16:47:13.980000,normal,NONE,0,0,0
2025-12-20T16:47:13.980000,normal,NONE,0,0,0
2025-12-20T16:47:13.981000,normal,NONE,0,0,1
2025-12-20T16:47:13.982000,normal,NONE,0,0,1
2025-12-20T16:47:30.019000,normal,NONE,0,0,16036
2025-12-20T16:47:30.019000,normal,NONE,0,0,0
2025-12-20T16:47:30.019000,normal,NONE,0,0,0
2025-12-20T16:47:30.020000,attack,TLS_DOWGRADE_DETECTED,1,1,1
2025-12-20T16:47:30.020000,normal,NONE,0,0,0
2025-12-20T16:47:30.020000,normal,NONE,0,0,0
2025-12-20T16:47:30.020000,normal,NONE,0,0,0
2025-12-20T16:47:30.023000,attack,OCPP_INJECTION_ATTEMPT,1,1,3
2025-12-20T16:47:30.023000,normal,NONE,0,0,0
2025-12-20T16:47:30.023000,normal,NONE,0,0,0
2025-12-20T16:47:30.023000,attack,OCPP_INJECTION_ATTEMPT,1,1,0
2025-12-20T16:47:30.023000,normal,NONE,0,0,0
2025-12-20T16:47:30.024000,normal,NONE,0,0,1
2025-12-20T16:47:30.024000,normal,NONE,0,0,0
2025-12-20T16:47:30.024000,attack,OCPP_INJECTION_ATTEMPT,1,1,0
2025-12-20T16:47:30.024000,normal,NONE,0,0,0
2025-12-20T16:47:30.024000,normal,NONE,0,0,0
2025-12-20T16:47:30.024000,normal,NONE,0,0,0
2025-12-20T16:47:30.024000,normal,NONE,0,0,0
2025-12-20T16:47:30.025000,attack,OCPP_INJECTION_ATTEMPT,1,1,1
2025-12-20T16:47:30.025000,normal,NONE,0,0,0
2025-12-20T16:47:30.025000,normal,NONE,0,0,0
2025-12-20T16:47:30.025000,normal,NONE,0,0,0
2025-12-20T16:47:30.025000,attack,OCPP_INJECTION_ATTEMPT,1,1,0
2025-12-20T16:47:30.025000,normal,NONE,0,0,0
2025-12-20T16:47:30.026000,normal,NONE,0,0,1
2025-12-20T16:47:30.026000,normal,NONE,0,0,0
2025-12-20T16:47:30.026000,normal,NONE,0,0,0
2025-12-20T16:47:30.026000,attack,TLS_DOWGRADE_DETECTED,1,1,0
2025-12-20T16:47:30.026000,normal,NONE,0,0,0
2025-12-20T16:47:30.026000,normal,NONE,0,0,0
2025-12-20T16:47:30.026000,normal,NONE,0,0,0
2025-12-20T16:47:30.026000,attack,OCPP_INJECTION_ATTEMPT,1,1,0
2025-12-20T16:47:30.026000,normal,NONE,0,0,0
2025-12-20T16:47:30.026000,normal,NONE,0,0,0
2025-12-20T16:47:30.026000,attack,OCPP_INJECTION_ATTEMPT,1,1,0
2025-12-20T16:47:30.027000,normal,NONE,0,0,1
2025-12-20T16:47:30.027000,normal,NONE,0,0,0
2025-12-20T16:47:30.027000,normal,NONE,0,0,0
2025-12-20T16:47:30.027000,normal,NONE,0,0,0
2025-12-20T16:47:30.027000,normal,NONE,0,0,0
2025-12-20T16:47:30.027000,normal,NONE,0,0,0
2025-12-20T16:47:30.027000,attack,OCPP_INJECTION_ATTEMPT,1,1,0
2025-12-20T16:47:30.027000,normal,NONE,0,0,0
2025-12-20T16:47:30.027000,normal,NONE,0,0,0
2025-12-20T16:47:30.028000,attack,OCPP_INJECTION_ATTEMPT,1,1,1
2025-12-20T16:47:30.028000,normal,NONE,0,0,0
2025-12-20T16:47:30.028000,normal,NONE,0,0,0
2025-12-20T16:47:30.028000,attack,OCPP_INJECTION_ATTEMPT,1,1,0
2025-12-20T16:47:30.028000,normal,NONE,0,0,0
2025-12-20T16:47:30.028000,normal,NONE,0,0,0
2025-12-20T16:47:30.028000,attack,OCPP_INJECTION_ATTEMPT,1,1,0
2025-12-20T16:47:30.028000,normal,NONE,0,0,0
2025-12-20T16:47:30.028000,normal,NONE,0,0,0
2025-12-20T16:47:30.028000,normal,NONE,0,0,0
2025-12-20T16:47:30.028000,attack,TLS_DOWGRADE_DETECTED,1,1,0
2025-12-20T16:47:30.028000,normal,NONE,0,0,0
2025-12-20T16:47:30.029000,normal,NONE,0,0,1
2025-12-20T16:47:30.029000,normal,NONE,0,0,0
2025-12-20T16:47:30.029000,normal,NONE,0,0,0
2025-12-20T16:47:30.029000,attack,OCPP_INJECTION_ATTEMPT,1,1,0
2025-12-20T16:47:30.029000,normal,NONE,0,0,0
2025-12-20T16:47:30.029000,normal,NONE,0,0,0
2025-12-20T16:47:30.030000,attack,OCPP_INJECTION_ATTEMPT,1,1,1
2025-12-20T16:47:30.030000,normal,NONE,0,0,0
2025-12-20T16:47:30.030000,normal,NONE,0,0,0
2025-12-20T16:47:30.030000,attack,OCPP_INJECTION_ATTEMPT,1,1,0
2025-12-20T16:47:30.030000,normal,NONE,0,0,0
2025-12-20T16:47:30.030000,normal,NONE,0,0,0
2025-12-20T16:47:30.031000,normal,NONE,0,0,1
2025-12-20T16:47:30.031000,normal,NONE,0,0,0
2025-12-20T16:47:30.031000,attack,OCPP_INJECTION_ATTEMPT,1,1,0
2025-12-20T16:47:30.031000,normal,NONE,0,0,0
2025-12-20T16:47:30.031000,normal,NONE,0,0,0
2025-12-20T16:47:30.031000,normal,NONE,0,0,0
2025-12-20T16:47:30.031000,normal,NONE,0,0,0
2025-12-20T16:47:30.032000,attack,OCPP_INJECTION_ATTEMPT,1,1,1
2025-12-20T16:47:30.032000,normal,NONE,0,0,0
2025-12-20T16:47:30.033000,normal,NONE,0,0,1
2025-12-20T16:47:30.033000,normal,NONE,0,0,0
2025-12-20T16:56:36.567000,normal,NONE,0,0,546534
2025-12-20T16:56:36.568000,normal,NONE,0,0,1
2025-12-20T16:56:36.568000,normal,NONE,0,0,0
2025-12-20T16:56:36.568000,attack,TLS_DOWGRADE_DETECTED,1,1,0
2025-12-20T16:56:36.568000,normal,NONE,0,0,0
2025-12-20T16:56:36.568000,normal,NONE,0,0,0
2025-12-20T16:56:36.569000,normal,NONE,0,0,1
2025-12-20T16:56:36.570000,normal,NONE,0,0,1
2025-12-20T16:56:36.570000,normal,NONE,0,0,0
2025-12-20T16:56:36.570000,attack,OCPP_INJECTION_ATTEMPT,1,1,0
2025-12-20T16:56:36.570000,normal,NONE,0,0,0
2025-12-20T16:56:36.570000,normal,NONE,0,0,0
2025-12-20T16:56:36.570000,normal,NONE,0,0,0
2025-12-20T16:56:36.571000,normal,NONE,0,0,1
2025-12-20T16:56:36.571000,normal,NONE,0,0,0
2025-12-20T16:56:36.571000,attack,OCPP_INJECTION_ATTEMPT,1,1,0
2025-12-20T16:56:36.571000,normal,NONE,0,0,0
2025-12-20T16:56:36.571000,normal,NONE,0,0,0
2025-12-20T16:56:36.571000,attack,OCPP_INJECTION_ATTEMPT,1,1,0
2025-12-20T16:56:36.571000,normal,NONE,0,0,0
2025-12-20T16:56:36.571000,normal,NONE,0,0,0
2025-12-20T16:56:36.571000,normal,NONE,0,0,0
2025-12-20T16:56:36.572000,normal,NONE,0,0,1
2025-12-20T16:56:36.572000,normal,NONE,0,0,0
2025-12-20T16:56:36.572000,normal,NONE,0,0,0
2025-12-20T16:56:36.572000,normal,NONE,0,0,0
2025-12-20T16:56:36.572000,normal,NONE,0,0,0
2025-12-20T16:56:36.572000,attack,OCPP_VALIDATION_FAIL,1,1,0
2025-12-20T16:56:36.572000,normal,NONE,0,0,0
2025-12-20T16:56:36.572000,normal,NONE,0,0,0
2025-12-20T16:56:36.573000,normal,NONE,0,0,1
2025-12-20T16:56:36.573000,attack,OCPP_VALIDATION_FAIL,1,1,0
2025-12-20T16:56:36.573000,normal,NONE,0,0,0
2025-12-20T16:56:36.573000,normal,NONE,0,0,0
2025-12-20T16:56:36.574000,normal,NONE,0,0,1
2025-12-20T16:56:36.574000,attack,OCPP_VALIDATION_FAIL,1,1,0
2025-12-20T16:56:36.574000,normal,NONE,0,0,0
2025-12-20T16:56:36.574000,normal,NONE,0,0,0
2025-12-20T16:56:36.574000,normal,NONE,0,0,0
2025-12-20T16:56:36.575000,normal,NONE,0,0,1
2025-12-20T16:56:36.575000,normal,NONE,0,0,0
2025-12-20T16:56:36.575000,normal,NONE,0,0,0
2025-12-20T16:56:36.576000,normal,NONE,0,0,1
2025-12-20T16:56:36.576000,attack,TLS_DOWGRADE_DETECTED,1,1,0
2025-12-20T16:56:36.576000,normal,NONE,0,0,0
2025-12-20T16:56:36.576000,normal,NONE,0,0,0
2025-12-20T16:56:36.576000,normal,NONE,0,0,0
2025-12-20T16:56:36.576000,normal,NONE,0,0,0
2025-12-20T16:56:36.577000,attack,OCPP_INJECTION_ATTEMPT,1,1,1
2025-12-20T16:56:36.577000,normal,NONE,0,0,0
2025-12-20T16:56:36.577000,normal,NONE,0,0,0
2025-12-20T16:56:36.577000,attack,OCPP_INJECTION_ATTEMPT,1,1,0
2025-12-20T16:56:36.577000,normal,NONE,0,0,0
2025-12-20T16:56:36.577000,normal,NONE,0,0,0
2025-12-20T16:56:36.577000,normal,NONE,0,0,0
2025-12-20T16:56:36.577000,attack,OCPP_INJECTION_ATTEMPT,1,1,0
2025-12-20T16:56:36.578000,normal,NONE,0,0,1
2025-12-20T16:56:36.578000,normal,NONE,0,0,0
2025-12-20T16:56:36.579000,attack,OCPP_INJECTION_ATTEMPT,1,1,1
2025-12-20T16:56:36.579000,normal,NONE,0,0,0
2025-12-20T16:56:36.580000,normal,NONE,0,0,1
2025-12-20T16:56:36.580000,normal,NONE,0,0,0
2025-12-20T16:56:36.580000,normal,NONE,0,0,0
2025-12-20T16:56:36.580000,normal,NONE,0,0,0
2025-12-20T16:56:36.580000,normal,NONE,0,0,0
2025-12-20T16:56:36.580000,normal,NONE,0,0,0
2025-12-20T16:56:36.580000,attack,TLS_DOWGRADE_DETECTED,1,1,0
2025-12-20T16:56:36.580000,normal,NONE,0,0,0
2025-12-20T16:56:36.581000,normal,NONE,0,0,1
2025-12-20T16:56:36.581000,normal,NONE,0,0,0
2025-12-20T16:56:36.581000,attack,OCPP_INJECTION_ATTEMPT,1,1,0
2025-12-20T16:56:36.581000,normal,NONE,0,0,0
2025-12-20T16:56:36.581000,normal,NONE,0,0,0
2025-12-20T16:56:36.581000,normal,NONE,0,0,0
2025-12-20T16:56:36.581000,attack,OCPP_INJECTION_ATTEMPT,1,1,0
2025-12-20T16:56:36.581000,normal,NONE,0,0,0
2025-12-20T16:56:36.581000,normal,NONE,0,0,0
2025-12-20T16:56:36.582000,normal,NONE,0,0,1
2025-12-20T16:56:36.582000,attack,OCPP_INJECTION_ATTEMPT,1,1,0
2025-12-20T16:56:36.582000,normal,NONE,0,0,0
2025-12-20T16:56:36.582000,normal,NONE,0,0,0
2025-12-20T16:56:36.582000,attack,OCPP_INJECTION_ATTEMPT,1,1,0
2025-12-20T16:56:36.582000,normal,NONE,0,0,0
2025-12-20T16:56:36.582000,normal,NONE,0,0,0
2025-12-20T16:56:36.583000,attack,OCPP_INJECTION_ATTEMPT,1,1,1
2025-12-20T16:56:36.583000,normal,NONE,0,0,0
2025-12-20T16:56:36.584000,normal,NONE,0,0,1
2025-12-20T16:56:36.584000,normal,NONE,0,0,0
2025-12-20T16:56:36.584000,normal,NONE,0,0,0
2025-12-20T16:56:36.584000,attack,OCPP_INJECTION_ATTEMPT,1,1,0
2025-12-20T16:56:36.584000,normal,NONE,0,0,0
2025-12-20T16:56:36.584000,normal,NONE,0,0,0
2025-12-20T16:56:36.584000,normal,NONE,0,0,0
2025-12-20T16:56:36.584000,normal,NONE,0,0,0
2025-12-20T16:56:36.585000,normal,NONE,0,0,1
2025-12-20T16:56:36.585000,normal,NONE,0,0,0
2025-12-20T16:56:36.585000,normal,NONE,0,0,0
2025-12-20T16:56:36.585000,attack,OCPP_VALIDATION_FAIL,1,1,0
2025-12-20T16:56:36.585000,normal,NONE,0,0,0
2025-12-20T16:56:36.585000,normal,NONE,0,0,0
2025-12-20T16:56:36.585000,attack,OCPP_VALIDATION_FAIL,1,1,0
2025-12-20T16:56:36.585000,normal,NONE,0,0,0
2025-12-20T16:56:36.585000,normal,NONE,0,0,0
2025-12-20T16:56:36.585000,normal,NONE,0,0,0
2025-12-20T16:56:36.586000,normal,NONE,0,0,1
2025-12-20T16:56:36.586000,normal,NONE,0,0,0
2025-12-20T16:56:36.586000,normal,NONE,0,0,0
2025-12-20T16:56:36.586000,attack,OCPP_VALIDATION_FAIL,1,1,0
2025-12-20T16:56:36.586000,normal,NONE,0,0,0
2025-12-20T16:56:36.586000,normal,NONE,0,0,0
2025-12-20T16:56:36.587000,normal,NONE,0,0,1
2025-12-20T16:56:36.587000,normal,NONE,0,0,0
