timestamp,length,protocol_ip,protocol_tcp,protocol_udp,protocol_can,protocol_other,can_id_anomaly,label
0.0,80,1,1,0,0,0,0,normal
0.000239,80,1,1,0,0,0,0,normal
0.000355,72,1,1,0,0,0,0,normal
0.003305,378,1,1,0,0,0,0,normal
0.003384,72,1,1,0,0,0,0,normal
0.01625,412,1,1,0,0,0,0,normal
0.016415,72,1,1,0,0,0,0,normal
0.023024,76,1,1,0,0,0,0,normal
0.023137,72,1,1,0,0,0,0,normal
0.023492,80,1,1,0,0,0,0,normal
0.025195,72,1,1,0,0,0,0,normal
0.027677,72,1,1,0,0,0,0,normal
0.027977,72,1,1,0,0,0,0,normal
2.875598,99,1,1,0,0,0,0,normal
2.876485,66,1,1,0,0,0,0,normal
3.008411,99,1,1,0,0,0,0,normal
3.008683,60,1,1,0,0,0,0,normal
3.882425,99,1,1,0,0,0,0,normal
3.883066,66,1,1,0,0,0,0,normal
4.020928,99,1,1,0,0,0,0,normal
4.021291,60,1,1,0,0,0,0,normal
5.03647,80,1,1,0,0,0,0,normal
5.036608,80,1,1,0,0,0,0,normal
5.03718,72,1,1,0,0,0,0,normal
5.038516,378,1,1,0,0,0,0,normal
5.038672,72,1,1,0,0,0,0,normal
5.040404,412,1,1,0,0,0,0,normal
5.040548,72,1,1,0,0,0,0,normal
5.042511,76,1,1,0,0,0,0,normal
5.042585,72,1,1,0,0,0,0,normal
5.0444,80,1,1,0,0,0,0,normal
5.045177,72,1,1,0,0,0,0,normal
5.045502,72,1,1,0,0,0,0,normal
5.045646,72,1,1,0,0,0,0,normal
7.99195,99,1,1,0,0,0,0,normal
7.992415,66,1,1,0,0,0,0,normal
7.992492,99,1,1,0,0,0,0,normal
7.993687,66,1,1,0,0,0,0,normal
8.00358,99,1,1,0,0,0,0,normal
8.004233,66,1,1,0,0,0,0,normal
8.199621,99,1,1,0,0,0,0,normal
8.199638,99,1,1,0,0,0,0,normal
8.199653,99,1,1,0,0,0,0,normal
8.199706,60,1,1,0,0,0,0,normal
8.200048,60,1,1,0,0,0,0,normal
8.200202,60,1,1,0,0,0,0,normal
9.010634,99,1,1,0,0,0,0,normal
9.011687,66,1,1,0,0,0,0,normal
9.012404,99,1,1,0,0,0,0,normal
9.013911,66,1,1,0,0,0,0,normal
9.12507,99,1,1,0,0,0,0,normal
9.1251,99,1,1,0,0,0,0,normal
9.125295,60,1,1,0,0,0,0,normal
9.125571,60,1,1,0,0,0,0,normal
10.058725,80,1,1,0,0,0,0,normal
10.059238,80,1,1,0,0,0,0,normal
10.059392,72,1,1,0,0,0,0,normal
10.063127,378,1,1,0,0,0,0,normal
10.063299,72,1,1,0,0,0,0,normal
10.065162,412,1,1,0,0,0,0,normal
10.065248,72,1,1,0,0,0,0,normal
10.066146,76,1,1,0,0,0,0,normal
10.066231,72,1,1,0,0,0,0,normal
10.066473,80,1,1,0,0,0,0,normal
10.068053,72,1,1,0,0,0,0,normal
10.069059,72,1,1,0,0,0,0,normal
10.069174,72,1,1,0,0,0,0,normal
13.283636,77,1,0,1,0,0,0,normal
13.524515,77,1,0,1,0,0,0,normal
15.08424,80,1,1,0,0,0,0,normal
15.084428,80,1,1,0,0,0,0,normal
15.084564,72,1,1,0,0,0,0,normal
15.087509,378,1,1,0,0,0,0,normal
15.087684,72,1,1,0,0,0,0,normal
15.08964,412,1,1,0,0,0,0,normal
15.090227,72,1,1,0,0,0,0,normal
15.092077,76,1,1,0,0,0,0,normal
15.092169,72,1,1,0,0,0,0,normal
15.093633,80,1,1,0,0,0,0,normal
15.094295,72,1,1,0,0,0,0,normal
15.095226,72,1,1,0,0,0,0,normal
15.095384,72,1,1,0,0,0,0,normal
16.032627,99,1,1,0,0,0,0,normal
16.033489,66,1,1,0,0,0,0,normal
16.322624,99,1,1,0,0,0,0,normal
16.323262,66,1,1,0,0,0,0,normal
16.32455,84,1,1,0,0,0,0,normal
16.324655,60,1,1,0,0,0,0,normal
16.325106,66,1,1,0,0,0,0,normal
16.32512,66,1,1,0,0,0,0,normal
16.326905,99,1,1,0,0,0,0,normal
16.368092,60,1,1,0,0,0,0,normal
16.402304,66,1,1,0,0,0,0,normal
16.402408,60,1,1,0,0,0,0,normal
16.699253,94,1,0,1,0,0,0,normal
16.699396,94,1,0,1,0,0,0,normal
16.70802,110,1,0,1,0,0,0,normal
16.708474,122,1,0,1,0,0,0,normal
16.713063,2866,1,1,0,0,0,0,normal
16.713592,66,1,1,0,0,0,0,normal
16.713606,66,1,1,0,0,0,0,normal
16.714321,258,1,1,0,0,0,0,normal
16.714699,66,1,1,0,0,0,0,normal
17.002727,588,1,1,0,0,0,0,normal
17.003521,60,1,1,0,0,0,0,normal
17.007371,485,1,1,0,0,0,0,normal
17.007426,60,1,1,0,0,0,0,normal
17.011055,99,1,1,0,0,0,0,normal
17.011449,66,1,1,0,0,0,0,normal
18.542017,171,1,0,1,0,0,0,normal
18.542537,80,1,0,1,0,0,0,normal
20.107152,80,1,1,0,0,0,0,normal
20.10729,80,1,1,0,0,0,0,normal
20.10741,72,1,1,0,0,0,0,normal
20.110145,378,1,1,0,0,0,0,normal
20.110237,72,1,1,0,0,0,0,normal
20.117576,412,1,1,0,0,0,0,normal
20.118167,72,1,1,0,0,0,0,normal
20.127148,76,1,1,0,0,0,0,normal
20.127254,72,1,1,0,0,0,0,normal
20.129619,80,1,1,0,0,0,0,normal
20.130692,72,1,1,0,0,0,0,normal
20.131243,72,1,1,0,0,0,0,normal
20.131326,72,1,1,0,0,0,0,normal
25.140308,80,1,1,0,0,0,0,normal
25.140429,80,1,1,0,0,0,0,normal
25.140563,72,1,1,0,0,0,0,normal
25.144065,378,1,1,0,0,0,0,normal
25.144172,72,1,1,0,0,0,0,normal
25.146083,412,1,1,0,0,0,0,normal
25.146185,72,1,1,0,0,0,0,normal
25.149457,76,1,1,0,0,0,0,normal
25.149653,72,1,1,0,0,0,0,normal
25.150117,80,1,1,0,0,0,0,normal
25.15212,72,1,1,0,0,0,0,normal
25.153462,72,1,1,0,0,0,0,normal
25.153534,72,1,1,0,0,0,0,normal
25.907382,92,1,0,1,0,0,0,normal
25.908291,108,1,0,1,0,0,0,normal
25.90859,92,1,0,1,0,0,0,normal
25.90952,120,1,0,1,0,0,0,normal
25.913588,873,1,1,0,0,0,0,normal
25.914593,66,1,1,0,0,0,0,normal
25.914708,3985,1,1,0,0,0,0,normal
25.915547,66,1,1,0,0,0,0,normal
25.915561,66,1,1,0,0,0,0,normal
25.915574,66,1,1,0,0,0,0,normal
26.144573,1037,1,1,0,0,0,0,normal
26.156174,99,1,1,0,0,0,0,normal
26.159225,66,1,1,0,0,0,0,normal
30.163541,80,1,1,0,0,0,0,normal
30.163626,80,1,1,0,0,0,0,normal
30.163701,72,1,1,0,0,0,0,normal
30.164697,378,1,1,0,0,0,0,normal
30.164891,72,1,1,0,0,0,0,normal
30.179632,412,1,1,0,0,0,0,normal
30.179951,72,1,1,0,0,0,0,normal
30.181375,76,1,1,0,0,0,0,normal
30.181446,72,1,1,0,0,0,0,normal
30.183323,80,1,1,0,0,0,0,normal
30.185461,72,1,1,0,0,0,0,normal
30.185944,72,1,1,0,0,0,0,normal
30.186053,72,1,1,0,0,0,0,normal
31.883673,101,1,0,1,0,0,0,normal
31.884211,117,1,0,1,0,0,0,normal
31.886086,101,1,0,1,0,0,0,normal
31.886384,129,1,0,1,0,0,0,normal
31.905981,133,1,1,0,0,0,0,normal
31.906399,66,1,1,0,0,0,0,normal
32.268417,235,1,1,0,0,0,0,normal
32.268522,60,1,1,0,0,0,0,normal
32.280533,99,1,1,0,0,0,0,normal
32.280699,66,1,1,0,0,0,0,normal
32.288461,2424,1,1,0,0,0,0,normal
32.289231,66,1,1,0,0,0,0,normal
32.28925,66,1,1,0,0,0,0,normal
32.296227,118,1,1,0,0,0,0,normal
32.296602,66,1,1,0,0,0,0,normal
32.538492,2865,1,1,0,0,0,0,normal
32.538698,66,1,1,0,0,0,0,normal
32.539234,66,1,1,0,0,0,0,normal
32.539592,258,1,1,0,0,0,0,normal
32.539706,66,1,1,0,0,0,0,normal
32.6807,541,1,1,0,0,0,0,normal
32.682812,99,1,1,0,0,0,0,normal
32.683449,60,1,1,0,0,0,0,normal
32.683744,60,1,1,0,0,0,0,normal
32.690557,99,1,1,0,0,0,0,normal
32.691143,66,1,1,0,0,0,0,normal
32.707549,247,1,1,0,0,0,0,normal
32.707699,66,1,1,0,0,0,0,normal
32.7356,1198,1,1,0,0,0,0,normal
32.737232,99,1,1,0,0,0,0,normal
32.740705,66,1,1,0,0,0,0,normal
32.835118,142,1,1,0,0,0,0,normal
32.836076,99,1,1,0,0,0,0,normal
32.846744,66,1,1,0,0,0,0,normal
32.855886,2482,1,1,0,0,0,0,normal
32.856603,66,1,1,0,0,0,0,normal
32.85662,66,1,1,0,0,0,0,normal
32.856987,7360,1,1,0,0,0,0,normal
32.857345,7360,1,1,0,0,0,0,normal
32.857696,66,1,1,0,0,0,0,normal
32.85771,66,1,1,0,0,0,0,normal
32.858116,66,1,1,0,0,0,0,normal
32.858133,66,1,1,0,0,0,0,normal
32.858151,66,1,1,0,0,0,0,normal
32.858166,66,1,1,0,0,0,0,normal
32.858182,66,1,1,0,0,0,0,normal
32.858198,66,1,1,0,0,0,0,normal
32.858213,66,1,1,0,0,0,0,normal
32.858229,66,1,1,0,0,0,0,normal
32.858369,1491,1,1,0,0,0,0,normal
32.858711,66,1,1,0,0,0,0,normal
32.859235,13753,1,1,0,0,0,0,normal
32.859712,1387,1,1,0,0,0,0,normal
32.860152,66,1,1,0,0,0,0,normal
32.860168,66,1,1,0,0,0,0,normal
32.860181,66,1,1,0,0,0,0,normal
32.860195,66,1,1,0,0,0,0,normal
32.860208,66,1,1,0,0,0,0,normal
32.860222,66,1,1,0,0,0,0,normal
32.860235,66,1,1,0,0,0,0,normal
32.860248,66,1,1,0,0,0,0,normal
32.860281,66,1,1,0,0,0,0,normal
32.860307,66,1,1,0,0,0,0,normal
32.860321,66,1,1,0,0,0,0,normal
32.860532,16091,1,1,0,0,0,0,normal
32.860716,66,1,1,0,0,0,0,normal
32.861493,66,1,1,0,0,0,0,normal
32.861587,66,1,1,0,0,0,0,normal
32.861639,66,1,1,0,0,0,0,normal
32.861689,66,1,1,0,0,0,0,normal
32.862125,66,1,1,0,0,0,0,normal
32.862139,66,1,1,0,0,0,0,normal
32.862153,66,1,1,0,0,0,0,normal
32.862167,66,1,1,0,0,0,0,normal
32.86218,66,1,1,0,0,0,0,normal
32.862193,66,1,1,0,0,0,0,normal
32.862501,15563,1,1,0,0,0,0,normal
32.862699,66,1,1,0,0,0,0,normal
32.862984,66,1,1,0,0,0,0,normal
32.862998,66,1,1,0,0,0,0,normal
32.863286,66,1,1,0,0,0,0,normal
32.8633,66,1,1,0,0,0,0,normal
32.863313,66,1,1,0,0,0,0,normal
32.863327,66,1,1,0,0,0,0,normal
32.86334,66,1,1,0,0,0,0,normal
32.863354,66,1,1,0,0,0,0,normal
32.863367,66,1,1,0,0,0,0,normal
32.86338,66,1,1,0,0,0,0,normal
32.86363,635,1,1,0,0,0,0,normal
32.864498,66,1,1,0,0,0,0,normal
32.866008,16091,1,1,0,0,0,0,normal
32.866368,66,1,1,0,0,0,0,normal
32.866386,66,1,1,0,0,0,0,normal
32.866404,66,1,1,0,0,0,0,normal
32.866421,66,1,1,0,0,0,0,normal
32.866438,66,1,1,0,0,0,0,normal
32.866502,66,1,1,0,0,0,0,normal
32.866527,66,1,1,0,0,0,0,normal
32.866541,66,1,1,0,0,0,0,normal
32.866555,66,1,1,0,0,0,0,normal
32.866568,66,1,1,0,0,0,0,normal
32.866581,66,1,1,0,0,0,0,normal
32.867411,817,1,1,0,0,0,0,normal
32.867946,66,1,1,0,0,0,0,normal
33.493476,128,1,1,0,0,0,0,normal
33.49349,285,1,1,0,0,0,0,normal
33.50009,60,1,1,0,0,0,0,normal
33.500651,99,1,1,0,0,0,0,normal
33.501187,66,1,1,0,0,0,0,normal
33.543668,77,1,0,1,0,0,0,normal
33.631419,77,1,0,1,0,0,0,normal
35.2016,80,1,1,0,0,0,0,normal
35.202101,80,1,1,0,0,0,0,normal
35.202224,72,1,1,0,0,0,0,normal
35.206652,378,1,1,0,0,0,0,normal
35.206757,72,1,1,0,0,0,0,normal
35.210405,412,1,1,0,0,0,0,normal
35.210482,72,1,1,0,0,0,0,normal
35.215068,76,1,1,0,0,0,0,normal
35.215219,72,1,1,0,0,0,0,normal
35.215426,80,1,1,0,0,0,0,normal
35.216064,72,1,1,0,0,0,0,normal
35.216196,72,1,1,0,0,0,0,normal
35.216261,72,1,1,0,0,0,0,normal
35.240573,190,1,0,1,0,0,0,normal
35.241118,80,1,0,1,0,0,0,normal
35.302267,85,1,0,1,0,0,0,normal
35.310573,108,1,0,1,0,0,0,normal
35.313035,97,1,0,1,0,0,0,normal
35.313469,108,1,0,1,0,0,0,normal
35.313969,97,1,0,1,0,0,0,normal
35.317631,1300,1,0,1,0,0,0,normal
35.31765,1075,1,0,1,0,0,0,normal
35.3507,113,1,0,1,0,0,0,normal
35.351622,124,1,0,1,0,0,0,normal
35.356114,367,1,0,1,0,0,0,normal
35.376249,83,1,0,1,0,0,0,normal
35.390814,82,1,0,1,0,0,0,normal
35.391389,80,1,0,1,0,0,0,normal
35.426578,125,1,0,1,0,0,0,normal
35.427108,136,1,0,1,0,0,0,normal
35.45723,82,1,0,1,0,0,0,normal
35.479409,81,1,0,1,0,0,0,normal
35.51977,126,1,0,1,0,0,0,normal
35.521542,74,1,0,1,0,0,0,normal
35.523183,87,1,0,1,0,0,0,normal
35.569619,106,1,0,1,0,0,0,normal
35.570471,74,1,0,1,0,0,0,normal
35.571768,87,1,0,1,0,0,0,normal
35.578721,1300,1,0,1,0,0,0,normal
35.579288,1153,1,0,1,0,0,0,normal
35.591782,77,1,0,1,0,0,0,normal
35.6516,82,1,0,1,0,0,0,normal
35.675191,81,1,0,1,0,0,0,normal
35.84841,1148,1,0,1,0,0,0,normal
35.850628,87,1,0,1,0,0,0,normal
35.898984,458,1,0,1,0,0,0,normal
35.932025,77,1,0,1,0,0,0,normal
35.986339,82,1,0,1,0,0,0,normal
35.988394,80,1,0,1,0,0,0,normal
36.155701,126,1,0,1,0,0,0,normal
36.157421,87,1,0,1,0,0,0,normal
36.162059,1300,1,0,1,0,0,0,normal
36.162082,1300,1,0,1,0,0,0,normal
36.162179,377,1,0,1,0,0,0,normal
36.233695,82,1,0,1,0,0,0,normal
36.250616,77,1,0,1,0,0,0,normal
36.254358,81,1,0,1,0,0,0,normal
36.463336,213,1,0,1,0,0,0,normal
36.466495,87,1,0,1,0,0,0,normal
36.49142,471,1,0,1,0,0,0,normal
36.553299,77,1,0,1,0,0,0,normal
36.587174,82,1,0,1,0,0,0,normal
36.587571,80,1,0,1,0,0,0,normal
37.283598,100,1,0,1,0,0,0,normal
37.284311,74,1,0,1,0,0,0,normal
37.302953,88,1,0,1,0,0,0,normal
37.315559,1300,1,0,1,0,0,0,normal
37.315612,1101,1,0,1,0,0,0,normal
37.403207,82,1,0,1,0,0,0,normal
37.406104,80,1,0,1,0,0,0,normal
37.765132,101,1,0,1,0,0,0,normal
37.765524,117,1,0,1,0,0,0,normal
37.765586,101,1,0,1,0,0,0,normal
37.765984,90,1,0,1,0,0,0,normal
37.769363,851,1,1,0,0,0,0,normal
37.769698,66,1,1,0,0,0,0,normal
37.771349,91,1,1,0,0,0,0,normal
37.771949,66,1,1,0,0,0,0,normal
37.813463,91,1,0,1,0,0,0,normal
37.813587,91,1,0,1,0,0,0,normal
37.81411,107,1,0,1,0,0,0,normal
37.814309,119,1,0,1,0,0,0,normal
37.819908,3260,1,1,0,0,0,0,normal
37.820495,66,1,1,0,0,0,0,normal
37.820582,66,1,1,0,0,0,0,normal
37.820597,66,1,1,0,0,0,0,normal
37.823274,91,1,1,0,0,0,0,normal
37.823638,66,1,1,0,0,0,0,normal
37.829205,97,1,0,1,0,0,0,normal
37.829476,86,1,0,1,0,0,0,normal
37.830105,97,1,0,1,0,0,0,normal
37.831164,86,1,0,1,0,0,0,normal
37.833424,1077,1,1,0,0,0,0,normal
37.833695,66,1,1,0,0,0,0,normal
37.834036,118,1,0,1,0,0,0,normal
37.834332,129,1,0,1,0,0,0,normal
37.836145,91,1,1,0,0,0,0,normal
37.836554,66,1,1,0,0,0,0,normal
37.865063,1282,1,1,0,0,0,0,normal
37.865474,66,1,1,0,0,0,0,normal
37.868249,104,1,0,1,0,0,0,normal
37.869096,120,1,0,1,0,0,0,normal
37.87008,104,1,0,1,0,0,0,normal
37.870328,93,1,0,1,0,0,0,normal
37.871116,91,1,1,0,0,0,0,normal
37.871464,66,1,1,0,0,0,0,normal
37.874116,1263,1,1,0,0,0,0,normal
37.874496,66,1,1,0,0,0,0,normal
37.87739,91,1,1,0,0,0,0,normal
37.877703,66,1,1,0,0,0,0,normal
37.898288,2931,1,1,0,0,0,0,normal
37.89864,66,1,1,0,0,0,0,normal
37.898654,66,1,1,0,0,0,0,normal
37.900445,2893,1,1,0,0,0,0,normal
37.901088,66,1,1,0,0,0,0,normal
37.901107,66,1,1,0,0,0,0,normal
37.901528,200,1,1,0,0,0,0,normal
37.901576,60,1,1,0,0,0,0,normal
37.909149,102,1,0,1,0,0,0,normal
37.910057,113,1,0,1,0,0,0,normal
37.910654,226,1,0,1,0,0,0,normal
37.911391,237,1,0,1,0,0,0,normal
37.916106,121,1,0,1,0,0,0,normal
37.916465,132,1,0,1,0,0,0,normal
37.917065,338,1,1,0,0,0,0,normal
37.917399,66,1,1,0,0,0,0,normal
37.918023,1660,1,1,0,0,0,0,normal
37.918549,66,1,1,0,0,0,0,normal
37.919188,66,1,1,0,0,0,0,normal
37.921509,1733,1,1,0,0,0,0,normal
37.92202,66,1,1,0,0,0,0,normal
37.922036,66,1,1,0,0,0,0,normal
37.926274,99,1,1,0,0,0,0,normal
37.926662,66,1,1,0,0,0,0,normal
37.942182,2067,1,1,0,0,0,0,normal
37.942853,66,1,1,0,0,0,0,normal
37.942871,66,1,1,0,0,0,0,normal
37.946455,932,1,1,0,0,0,0,normal
37.946954,66,1,1,0,0,0,0,normal
37.987617,147,1,1,0,0,0,0,normal
37.987632,129,1,1,0,0,0,0,normal
37.987646,130,1,1,0,0,0,0,normal
37.9877,60,1,1,0,0,0,0,normal
37.988013,60,1,1,0,0,0,0,normal
37.988095,60,1,1,0,0,0,0,normal
37.993592,1123,1,0,1,0,0,0,normal
37.996991,99,1,1,0,0,0,0,normal
37.997274,66,1,1,0,0,0,0,normal
37.998683,87,1,0,1,0,0,0,normal
38.005446,99,1,1,0,0,0,0,normal
38.005706,66,1,1,0,0,0,0,normal
38.019707,776,1,1,0,0,0,0,normal
38.019995,60,1,1,0,0,0,0,normal
38.020705,269,1,1,0,0,0,0,normal
38.020948,60,1,1,0,0,0,0,normal
38.025133,99,1,1,0,0,0,0,normal
38.025566,66,1,1,0,0,0,0,normal
38.028706,1399,1,1,0,0,0,0,normal
38.029414,1399,1,1,0,0,0,0,normal
38.0296,60,1,1,0,0,0,0,normal
38.031777,1399,1,1,0,0,0,0,normal
38.033142,997,1,1,0,0,0,0,normal
38.0334,60,1,1,0,0,0,0,normal
38.035584,91,1,1,0,0,0,0,normal
38.061085,290,1,1,0,0,0,0,normal
38.061392,4715,1,1,0,0,0,0,normal
38.0617,66,1,1,0,0,0,0,normal
38.061859,66,1,1,0,0,0,0,normal
38.0621,66,1,1,0,0,0,0,normal
38.072657,130,1,1,0,0,0,0,normal
38.07665,607,1,1,0,0,0,0,normal
38.077352,60,1,1,0,0,0,0,normal
38.079368,99,1,1,0,0,0,0,normal
38.079698,66,1,1,0,0,0,0,normal
38.080369,324,1,1,0,0,0,0,normal
38.083132,92,1,0,1,0,0,0,normal
38.083599,108,1,0,1,0,0,0,normal
38.084121,92,1,0,1,0,0,0,normal
38.084449,120,1,0,1,0,0,0,normal
38.088239,887,1,1,0,0,0,0,normal
38.091314,77,1,0,1,0,0,0,normal
38.093414,60,1,1,0,0,0,0,normal
38.097164,99,1,1,0,0,0,0,normal
38.097603,66,1,1,0,0,0,0,normal
38.120321,1300,1,0,1,0,0,0,normal
38.120345,1300,1,0,1,0,0,0,normal
38.120424,1300,1,0,1,0,0,0,normal
38.129872,60,1,1,0,0,0,0,normal
38.184561,134,1,0,1,0,0,0,normal
38.186307,1300,1,0,1,0,0,0,normal
38.188678,1300,1,0,1,0,0,0,normal
38.223556,1621,1,0,1,0,0,0,normal
38.223589,693,1,0,1,0,0,0,normal
38.227137,277,1,0,1,0,0,0,normal
38.260377,1399,1,1,0,0,0,0,normal
38.261253,1399,1,1,0,0,0,0,normal
38.261508,60,1,1,0,0,0,0,normal
38.262042,2493,1,1,0,0,0,0,normal
38.262431,60,1,1,0,0,0,0,normal
38.264404,99,1,1,0,0,0,0,normal
38.264699,66,1,1,0,0,0,0,normal
38.28213,94,1,0,1,0,0,0,normal
38.282539,110,1,0,1,0,0,0,normal
38.282624,94,1,0,1,0,0,0,normal
38.283109,122,1,0,1,0,0,0,normal
38.290445,4568,1,1,0,0,0,0,normal
38.290706,66,1,1,0,0,0,0,normal
38.292205,66,1,1,0,0,0,0,normal
38.292224,66,1,1,0,0,0,0,normal
38.292242,66,1,1,0,0,0,0,normal
38.336211,171,1,0,1,0,0,0,normal
38.336679,79,1,0,1,0,0,0,normal
38.458775,200,1,1,0,0,0,0,normal
38.458874,60,1,1,0,0,0,0,normal
38.461209,99,1,1,0,0,0,0,normal
38.461368,66,1,1,0,0,0,0,normal
38.835393,2716,1,1,0,0,0,0,normal
38.835699,66,1,1,0,0,0,0,normal
38.836107,66,1,1,0,0,0,0,normal
38.836386,244,1,1,0,0,0,0,normal
38.8367,66,1,1,0,0,0,0,normal
39.133701,1173,1,1,0,0,0,0,normal
39.138373,99,1,1,0,0,0,0,normal
39.139044,60,1,1,0,0,0,0,normal
39.139226,60,1,1,0,0,0,0,normal
39.141665,99,1,1,0,0,0,0,normal
39.142154,66,1,1,0,0,0,0,normal
40.22701,80,1,1,0,0,0,0,normal
40.227111,80,1,1,0,0,0,0,normal
40.227204,72,1,1,0,0,0,0,normal
40.230655,378,1,1,0,0,0,0,normal
40.230982,72,1,1,0,0,0,0,normal
40.23238,412,1,1,0,0,0,0,normal
40.232497,72,1,1,0,0,0,0,normal
40.236451,76,1,1,0,0,0,0,normal
40.236561,72,1,1,0,0,0,0,normal
40.238169,80,1,1,0,0,0,0,normal
40.244102,72,1,1,0,0,0,0,normal
40.250006,72,1,1,0,0,0,0,normal
40.250134,72,1,1,0,0,0,0,normal
41.788197,211,1,1,0,0,0,0,normal
41.788211,257,1,1,0,0,0,0,normal
41.789689,60,1,1,0,0,0,0,normal
42.643446,2874,1,1,0,0,0,0,normal
42.6441,66,1,1,0,0,0,0,normal
42.644117,66,1,1,0,0,0,0,normal
42.647013,214,1,1,0,0,0,0,normal
42.647453,66,1,1,0,0,0,0,normal
42.6705,414,1,1,0,0,0,0,normal
42.671699,66,1,1,0,0,0,0,normal
42.831409,135,1,1,0,0,0,0,normal
42.832544,130,1,1,0,0,0,0,normal
42.833386,60,1,1,0,0,0,0,normal
42.83398,99,1,1,0,0,0,0,normal
42.834353,66,1,1,0,0,0,0,normal
42.835347,703,1,1,0,0,0,0,normal
42.83565,66,1,1,0,0,0,0,normal
42.836253,1836,1,1,0,0,0,0,normal
42.836545,66,1,1,0,0,0,0,normal
42.837121,66,1,1,0,0,0,0,normal
42.89043,874,1,1,0,0,0,0,normal
42.891125,352,1,1,0,0,0,0,normal
42.8917,181,1,1,0,0,0,0,normal
42.904285,60,1,1,0,0,0,0,normal
42.9071,99,1,1,0,0,0,0,normal
42.907482,66,1,1,0,0,0,0,normal
42.963114,610,1,1,0,0,0,0,normal
42.965202,411,1,1,0,0,0,0,normal
42.965977,60,1,1,0,0,0,0,normal
42.966416,99,1,1,0,0,0,0,normal
42.966917,66,1,1,0,0,0,0,normal
43.324149,1399,1,1,0,0,0,0,normal
43.327287,2940,1,1,0,0,0,0,normal
43.3276,60,1,1,0,0,0,0,normal
43.328317,5820,1,1,0,0,0,0,normal
43.33385,60,1,1,0,0,0,0,normal
43.334213,7260,1,1,0,0,0,0,normal
43.334394,60,1,1,0,0,0,0,normal
43.334698,8700,1,1,0,0,0,0,normal
43.337212,60,1,1,0,0,0,0,normal
43.337476,10140,1,1,0,0,0,0,normal
43.33764,60,1,1,0,0,0,0,normal
43.338209,8997,1,1,0,0,0,0,normal
43.338331,60,1,1,0,0,0,0,normal
43.340451,2738,1,1,0,0,0,0,normal
43.341297,60,1,1,0,0,0,0,normal
43.342326,1399,1,1,0,0,0,0,normal
43.345496,1399,1,1,0,0,0,0,normal
43.345674,60,1,1,0,0,0,0,normal
43.348605,1399,1,1,0,0,0,0,normal
43.349264,1399,1,1,0,0,0,0,normal
43.350098,60,1,1,0,0,0,0,normal
43.352004,1399,1,1,0,0,0,0,normal
43.35407,1399,1,1,0,0,0,0,normal
43.355143,60,1,1,0,0,0,0,normal
43.356299,1399,1,1,0,0,0,0,normal
43.357263,1164,1,1,0,0,0,0,normal
43.357391,60,1,1,0,0,0,0,normal
43.362644,1399,1,1,0,0,0,0,normal
43.363869,1399,1,1,0,0,0,0,normal
43.365022,60,1,1,0,0,0,0,normal
43.368228,1771,1,1,0,0,0,0,normal
43.368699,1059,1,1,0,0,0,0,normal
43.37029,60,1,1,0,0,0,0,normal
43.372615,1399,1,1,0,0,0,0,normal
43.385248,4077,1,1,0,0,0,0,normal
43.386035,60,1,1,0,0,0,0,normal
43.386205,1399,1,1,0,0,0,0,normal
43.38927,2738,1,1,0,0,0,0,normal
43.390287,60,1,1,0,0,0,0,normal
43.390313,1399,1,1,0,0,0,0,normal
43.401142,5416,1,1,0,0,0,0,normal
43.401376,60,1,1,0,0,0,0,normal
43.404361,1399,1,1,0,0,0,0,normal
43.405157,1399,1,1,0,0,0,0,normal
43.405176,267,1,1,0,0,0,0,normal
43.405389,60,1,1,0,0,0,0,normal
43.409128,1399,1,1,0,0,0,0,normal
43.419175,2738,1,1,0,0,0,0,normal
43.419266,60,1,1,0,0,0,0,normal
43.420281,1399,1,1,0,0,0,0,normal
43.424604,1399,1,1,0,0,0,0,normal
43.424604,60,1,1,0,0,0,0,normal
43.42497,2738,1,1,0,0,0,0,normal
43.425018,60,1,1,0,0,0,0,normal
43.43817,8094,1,1,0,0,0,0,normal
43.438295,60,1,1,0,0,0,0,normal
43.439487,560,1,1,0,0,0,0,normal
43.442071,1399,1,1,0,0,0,0,normal
43.442087,1399,1,1,0,0,0,0,normal
43.442137,60,1,1,0,0,0,0,normal
43.445311,1399,1,1,0,0,0,0,normal
43.445494,60,1,1,0,0,0,0,normal
43.448185,1399,1,1,0,0,0,0,normal
43.450468,1399,1,1,0,0,0,0,normal
43.450568,60,1,1,0,0,0,0,normal
43.453165,2738,1,1,0,0,0,0,normal
43.453256,60,1,1,0,0,0,0,normal
43.455234,1399,1,1,0,0,0,0,normal
43.465699,4077,1,1,0,0,0,0,normal
43.465932,60,1,1,0,0,0,0,normal
43.472367,2738,1,1,0,0,0,0,normal
43.472486,60,1,1,0,0,0,0,normal
43.481731,8094,1,1,0,0,0,0,normal
43.48197,2738,1,1,0,0,0,0,normal
43.482054,60,1,1,0,0,0,0,normal
43.48826,9433,1,1,0,0,0,0,normal
43.488279,1399,1,1,0,0,0,0,normal
43.489038,2738,1,1,0,0,0,0,normal
43.492071,2738,1,1,0,0,0,0,normal
43.494697,2738,1,1,0,0,0,0,normal
43.496279,1399,1,1,0,0,0,0,normal
43.496399,60,1,1,0,0,0,0,normal
43.498096,4077,1,1,0,0,0,0,normal
43.498674,1399,1,1,0,0,0,0,normal
43.499314,1399,1,1,0,0,0,0,normal
43.499428,60,1,1,0,0,0,0,normal
43.501324,1399,1,1,0,0,0,0,normal
43.509868,1399,1,1,0,0,0,0,normal
43.509868,60,1,1,0,0,0,0,normal
43.512539,1399,1,1,0,0,0,0,normal
43.51468,2738,1,1,0,0,0,0,normal
43.51488,60,1,1,0,0,0,0,normal
43.517958,2738,1,1,0,0,0,0,normal
43.518051,60,1,1,0,0,0,0,normal
43.520346,1399,1,1,0,0,0,0,normal
43.523261,1399,1,1,0,0,0,0,normal
43.52335,60,1,1,0,0,0,0,normal
43.527214,8094,1,1,0,0,0,0,normal
43.527303,60,1,1,0,0,0,0,normal
43.529071,1399,1,1,0,0,0,0,normal
43.542181,2738,1,1,0,0,0,0,normal
43.542181,60,1,1,0,0,0,0,normal
43.544693,2738,1,1,0,0,0,0,normal
43.544921,60,1,1,0,0,0,0,normal
43.548643,4077,1,1,0,0,0,0,normal
43.548882,60,1,1,0,0,0,0,normal
43.550137,1399,1,1,0,0,0,0,normal
43.552077,1399,1,1,0,0,0,0,normal
43.552164,60,1,1,0,0,0,0,normal
43.555053,1399,1,1,0,0,0,0,normal
43.556903,1399,1,1,0,0,0,0,normal
43.556981,60,1,1,0,0,0,0,normal
43.559321,1399,1,1,0,0,0,0,normal
43.563193,1399,1,1,0,0,0,0,normal
43.563281,60,1,1,0,0,0,0,normal
43.565405,1399,1,1,0,0,0,0,normal
43.602397,20145,1,1,0,0,0,0,normal
43.60249,60,1,1,0,0,0,0,normal
43.602692,1399,1,1,0,0,0,0,normal
43.608698,2738,1,1,0,0,0,0,normal
43.608882,60,1,1,0,0,0,0,normal
43.611356,2738,1,1,0,0,0,0,normal
43.611402,60,1,1,0,0,0,0,normal
43.615349,1399,1,1,0,0,0,0,normal
43.617071,1399,1,1,0,0,0,0,normal
43.617151,60,1,1,0,0,0,0,normal
43.619416,4077,1,1,0,0,0,0,normal
43.619898,1399,1,1,0,0,0,0,normal
43.62002,60,1,1,0,0,0,0,normal
43.621021,1399,1,1,0,0,0,0,normal
43.638177,5416,1,1,0,0,0,0,normal
43.639396,1399,1,1,0,0,0,0,normal
43.639538,60,1,1,0,0,0,0,normal
43.640145,2738,1,1,0,0,0,0,normal
43.640161,1399,1,1,0,0,0,0,normal
43.640249,60,1,1,0,0,0,0,normal
43.645098,2738,1,1,0,0,0,0,normal
43.645499,60,1,1,0,0,0,0,normal
43.645504,2738,1,1,0,0,0,0,normal
43.645989,60,1,1,0,0,0,0,normal
43.651125,1399,1,1,0,0,0,0,normal
43.653715,1399,1,1,0,0,0,0,normal
43.654487,1399,1,1,0,0,0,0,normal
43.65618,1399,1,1,0,0,0,0,normal
43.657043,60,1,1,0,0,0,0,normal
43.657364,2738,1,1,0,0,0,0,normal
43.657552,60,1,1,0,0,0,0,normal
43.664166,1399,1,1,0,0,0,0,normal
43.666343,1399,1,1,0,0,0,0,normal
43.666959,60,1,1,0,0,0,0,normal
43.668457,1399,1,1,0,0,0,0,normal
43.672175,1399,1,1,0,0,0,0,normal
43.672482,60,1,1,0,0,0,0,normal
43.675057,1399,1,1,0,0,0,0,normal
43.675676,1399,1,1,0,0,0,0,normal
43.676455,60,1,1,0,0,0,0,normal
43.678699,5416,1,1,0,0,0,0,normal
43.680026,60,1,1,0,0,0,0,normal
43.722151,12111,1,1,0,0,0,0,normal
43.722405,60,1,1,0,0,0,0,normal
43.728507,22823,1,1,0,0,0,0,normal
43.72913,60,1,1,0,0,0,0,normal
43.742699,5416,1,1,0,0,0,0,normal
43.742935,60,1,1,0,0,0,0,normal
43.744286,1399,1,1,0,0,0,0,normal
43.746303,1399,1,1,0,0,0,0,normal
43.746303,60,1,1,0,0,0,0,normal
43.7506,1399,1,1,0,0,0,0,normal
43.755164,1399,1,1,0,0,0,0,normal
43.755272,60,1,1,0,0,0,0,normal
43.756448,1399,1,1,0,0,0,0,normal
43.792699,26840,1,1,0,0,0,0,normal
43.792954,60,1,1,0,0,0,0,normal
43.797618,1399,1,1,0,0,0,0,normal
43.799589,1399,1,1,0,0,0,0,normal
43.799694,60,1,1,0,0,0,0,normal
43.800271,1399,1,1,0,0,0,0,normal
43.801285,1399,1,1,0,0,0,0,normal
43.801387,60,1,1,0,0,0,0,normal
43.802014,2738,1,1,0,0,0,0,normal
43.802031,1399,1,1,0,0,0,0,normal
43.802429,1399,1,1,0,0,0,0,normal
43.802674,60,1,1,0,0,0,0,normal
43.8065,2738,1,1,0,0,0,0,normal
43.807144,1399,1,1,0,0,0,0,normal
43.807687,1399,1,1,0,0,0,0,normal
43.808074,60,1,1,0,0,0,0,normal
43.816698,2738,1,1,0,0,0,0,normal
43.817177,1399,1,1,0,0,0,0,normal
43.817253,60,1,1,0,0,0,0,normal
43.817633,1399,1,1,0,0,0,0,normal
43.831499,9433,1,1,0,0,0,0,normal
43.83221,60,1,1,0,0,0,0,normal
43.834123,1399,1,1,0,0,0,0,normal
43.834411,1399,1,1,0,0,0,0,normal
43.834657,60,1,1,0,0,0,0,normal
43.835082,1399,1,1,0,0,0,0,normal
43.836001,1399,1,1,0,0,0,0,normal
43.836456,60,1,1,0,0,0,0,normal
43.838653,1399,1,1,0,0,0,0,normal
43.840661,1399,1,1,0,0,0,0,normal
43.841124,60,1,1,0,0,0,0,normal
43.84317,1399,1,1,0,0,0,0,normal
43.84404,1399,1,1,0,0,0,0,normal
43.84506,60,1,1,0,0,0,0,normal
43.845647,1399,1,1,0,0,0,0,normal
43.847241,1399,1,1,0,0,0,0,normal
43.847551,60,1,1,0,0,0,0,normal
43.848174,1399,1,1,0,0,0,0,normal
43.851192,1399,1,1,0,0,0,0,normal
43.851588,60,1,1,0,0,0,0,normal
43.853119,1399,1,1,0,0,0,0,normal
43.853133,1399,1,1,0,0,0,0,normal
43.853517,60,1,1,0,0,0,0,normal
43.856443,1399,1,1,0,0,0,0,normal
43.858242,1399,1,1,0,0,0,0,normal
43.858328,60,1,1,0,0,0,0,normal
43.862124,1399,1,1,0,0,0,0,normal
43.865114,1399,1,1,0,0,0,0,normal
43.865213,60,1,1,0,0,0,0,normal
43.867339,1399,1,1,0,0,0,0,normal
43.869461,1399,1,1,0,0,0,0,normal
43.869558,60,1,1,0,0,0,0,normal
43.8844,9433,1,1,0,0,0,0,normal
43.885097,60,1,1,0,0,0,0,normal
43.886188,1399,1,1,0,0,0,0,normal
43.89553,4077,1,1,0,0,0,0,normal
43.895618,60,1,1,0,0,0,0,normal
43.905703,1399,1,1,0,0,0,0,normal
43.905715,1399,1,1,0,0,0,0,normal
43.905898,1399,1,1,0,0,0,0,normal
43.905912,1399,1,1,0,0,0,0,normal
43.906231,1399,1,1,0,0,0,0,normal
43.907451,60,1,1,0,0,0,0,normal
43.907698,1399,1,1,0,0,0,0,normal
43.91028,1399,1,1,0,0,0,0,normal
43.910355,60,1,1,0,0,0,0,normal
43.912307,1399,1,1,0,0,0,0,normal
43.923386,2867,1,1,0,0,0,0,normal
43.92392,66,1,1,0,0,0,0,normal
43.923982,258,1,1,0,0,0,0,normal
43.924397,66,1,1,0,0,0,0,normal
43.941065,10772,1,1,0,0,0,0,normal
43.941223,60,1,1,0,0,0,0,normal
43.948276,1399,1,1,0,0,0,0,normal
43.951698,1399,1,1,0,0,0,0,normal
43.95192,60,1,1,0,0,0,0,normal
43.953698,1399,1,1,0,0,0,0,normal
43.958687,4077,1,1,0,0,0,0,normal
43.959182,60,1,1,0,0,0,0,normal
43.961274,1399,1,1,0,0,0,0,normal
43.964699,1399,1,1,0,0,0,0,normal
43.966078,60,1,1,0,0,0,0,normal
43.969643,1399,1,1,0,0,0,0,normal
43.971699,1399,1,1,0,0,0,0,normal
43.973025,60,1,1,0,0,0,0,normal
43.982879,2738,1,1,0,0,0,0,normal
43.983116,1399,1,1,0,0,0,0,normal
43.983116,60,1,1,0,0,0,0,normal
43.985058,1399,1,1,0,0,0,0,normal
43.987387,1399,1,1,0,0,0,0,normal
43.987648,60,1,1,0,0,0,0,normal
43.988171,1399,1,1,0,0,0,0,normal
43.992292,1399,1,1,0,0,0,0,normal
43.992624,60,1,1,0,0,0,0,normal
43.993222,1399,1,1,0,0,0,0,normal
43.997179,1399,1,1,0,0,0,0,normal
43.997451,60,1,1,0,0,0,0,normal
44.00239,1399,1,1,0,0,0,0,normal
44.004699,1399,1,1,0,0,0,0,normal
44.005171,60,1,1,0,0,0,0,normal
44.006699,1399,1,1,0,0,0,0,normal
44.012298,1399,1,1,0,0,0,0,normal
44.012594,60,1,1,0,0,0,0,normal
44.0147,1399,1,1,0,0,0,0,normal
44.020648,1399,1,1,0,0,0,0,normal
44.021505,60,1,1,0,0,0,0,normal
44.024392,1399,1,1,0,0,0,0,normal
44.036035,5416,1,1,0,0,0,0,normal
44.036118,60,1,1,0,0,0,0,normal
44.039392,1399,1,1,0,0,0,0,normal
44.044064,1399,1,1,0,0,0,0,normal
44.04424,60,1,1,0,0,0,0,normal
44.04751,1399,1,1,0,0,0,0,normal
44.054288,1399,1,1,0,0,0,0,normal
44.054375,60,1,1,0,0,0,0,normal
44.065893,4077,1,1,0,0,0,0,normal
44.06614,60,1,1,0,0,0,0,normal
44.067689,1399,1,1,0,0,0,0,normal
44.071226,1399,1,1,0,0,0,0,normal
44.073335,60,1,1,0,0,0,0,normal
44.073706,1399,1,1,0,0,0,0,normal
44.076916,1399,1,1,0,0,0,0,normal
44.078537,60,1,1,0,0,0,0,normal
44.081019,1399,1,1,0,0,0,0,normal
44.085034,1399,1,1,0,0,0,0,normal
44.086079,60,1,1,0,0,0,0,normal
44.08614,1399,1,1,0,0,0,0,normal
44.089193,1399,1,1,0,0,0,0,normal
44.089636,60,1,1,0,0,0,0,normal
44.101698,2738,1,1,0,0,0,0,normal
44.102148,60,1,1,0,0,0,0,normal
44.104698,1399,1,1,0,0,0,0,normal
44.117515,2738,1,1,0,0,0,0,normal
44.118078,60,1,1,0,0,0,0,normal
44.122615,2738,1,1,0,0,0,0,normal
44.123141,60,1,1,0,0,0,0,normal
44.1257,1399,1,1,0,0,0,0,normal
44.130298,2738,1,1,0,0,0,0,normal
44.130534,60,1,1,0,0,0,0,normal
44.142706,4077,1,1,0,0,0,0,normal
44.143354,60,1,1,0,0,0,0,normal
44.145234,1399,1,1,0,0,0,0,normal
44.149636,1399,1,1,0,0,0,0,normal
44.150147,60,1,1,0,0,0,0,normal
44.151347,1399,1,1,0,0,0,0,normal
44.153374,1399,1,1,0,0,0,0,normal
44.153979,60,1,1,0,0,0,0,normal
44.165699,4077,1,1,0,0,0,0,normal
44.166901,60,1,1,0,0,0,0,normal
44.173699,1399,1,1,0,0,0,0,normal
44.175142,1399,1,1,0,0,0,0,normal
44.175183,60,1,1,0,0,0,0,normal
44.1777,1399,1,1,0,0,0,0,normal
44.186937,2877,1,1,0,0,0,0,normal
44.186937,66,1,1,0,0,0,0,normal
44.186937,214,1,1,0,0,0,0,normal
44.188083,66,1,1,0,0,0,0,normal
44.191241,1399,1,1,0,0,0,0,normal
44.195178,4077,1,1,0,0,0,0,normal
44.195287,60,1,1,0,0,0,0,normal
44.19609,1399,1,1,0,0,0,0,normal
44.19941,1399,1,1,0,0,0,0,normal
44.199497,60,1,1,0,0,0,0,normal
44.205666,1399,1,1,0,0,0,0,normal
44.208505,1399,1,1,0,0,0,0,normal
44.208505,60,1,1,0,0,0,0,normal
44.216205,1399,1,1,0,0,0,0,normal
44.229151,1399,1,1,0,0,0,0,normal
44.229215,60,1,1,0,0,0,0,normal
44.231051,1399,1,1,0,0,0,0,normal
44.232197,4077,1,1,0,0,0,0,normal
44.233175,60,1,1,0,0,0,0,normal
44.234268,1399,1,1,0,0,0,0,normal
44.24625,1399,1,1,0,0,0,0,normal
44.24635,60,1,1,0,0,0,0,normal
44.258586,4077,1,1,0,0,0,0,normal
44.260293,60,1,1,0,0,0,0,normal
44.275142,9433,1,1,0,0,0,0,normal
44.275462,60,1,1,0,0,0,0,normal
44.277568,1399,1,1,0,0,0,0,normal
44.280334,1399,1,1,0,0,0,0,normal
44.28042,60,1,1,0,0,0,0,normal
44.28533,1399,1,1,0,0,0,0,normal
44.289463,1399,1,1,0,0,0,0,normal
44.289563,60,1,1,0,0,0,0,normal
44.291699,1399,1,1,0,0,0,0,normal
44.295404,1399,1,1,0,0,0,0,normal
44.295489,60,1,1,0,0,0,0,normal
44.299244,1399,1,1,0,0,0,0,normal
44.308695,1399,1,1,0,0,0,0,normal
44.308915,60,1,1,0,0,0,0,normal
44.309373,1399,1,1,0,0,0,0,normal
44.319639,1399,1,1,0,0,0,0,normal
44.319891,60,1,1,0,0,0,0,normal
44.320228,1399,1,1,0,0,0,0,normal
44.328437,2738,1,1,0,0,0,0,normal
44.329165,60,1,1,0,0,0,0,normal
44.339632,2738,1,1,0,0,0,0,normal
44.340325,60,1,1,0,0,0,0,normal
44.342509,1399,1,1,0,0,0,0,normal
44.362527,5416,1,1,0,0,0,0,normal
44.363191,60,1,1,0,0,0,0,normal
44.373443,2738,1,1,0,0,0,0,normal
44.374083,60,1,1,0,0,0,0,normal
44.387086,2738,1,1,0,0,0,0,normal
44.388122,60,1,1,0,0,0,0,normal
44.388453,1399,1,1,0,0,0,0,normal
44.393173,1399,1,1,0,0,0,0,normal
44.393468,60,1,1,0,0,0,0,normal
44.40057,1399,1,1,0,0,0,0,normal
44.401505,2738,1,1,0,0,0,0,normal
44.402494,60,1,1,0,0,0,0,normal
44.418246,5416,1,1,0,0,0,0,normal
44.418628,60,1,1,0,0,0,0,normal
44.421636,2738,1,1,0,0,0,0,normal
44.421699,60,1,1,0,0,0,0,normal
44.422334,1399,1,1,0,0,0,0,normal
44.42348,1399,1,1,0,0,0,0,normal
44.423565,60,1,1,0,0,0,0,normal
44.425401,1399,1,1,0,0,0,0,normal
44.426276,1399,1,1,0,0,0,0,normal
44.426317,60,1,1,0,0,0,0,normal
44.42849,1399,1,1,0,0,0,0,normal
44.430502,1399,1,1,0,0,0,0,normal
44.430598,60,1,1,0,0,0,0,normal
44.437722,1399,1,1,0,0,0,0,normal
44.44241,4077,1,1,0,0,0,0,normal
44.442503,60,1,1,0,0,0,0,normal
44.443058,1399,1,1,0,0,0,0,normal
44.452339,2738,1,1,0,0,0,0,normal
44.452427,60,1,1,0,0,0,0,normal
44.4687,6755,1,1,0,0,0,0,normal
44.468983,60,1,1,0,0,0,0,normal
44.469454,2738,1,1,0,0,0,0,normal
44.469469,1399,1,1,0,0,0,0,normal
44.46954,60,1,1,0,0,0,0,normal
44.470463,1399,1,1,0,0,0,0,normal
44.482179,2738,1,1,0,0,0,0,normal
44.482267,60,1,1,0,0,0,0,normal
44.48419,2738,1,1,0,0,0,0,normal
44.484241,60,1,1,0,0,0,0,normal
44.484656,1399,1,1,0,0,0,0,normal
44.487573,1399,1,1,0,0,0,0,normal
44.4877,1399,1,1,0,0,0,0,normal
44.493288,60,1,1,0,0,0,0,normal
44.495384,1399,1,1,0,0,0,0,normal
44.4987,1399,1,1,0,0,0,0,normal
44.4996,60,1,1,0,0,0,0,normal
44.515202,4077,1,1,0,0,0,0,normal
44.515654,60,1,1,0,0,0,0,normal
44.54364,13450,1,1,0,0,0,0,normal
44.544269,60,1,1,0,0,0,0,normal
44.54713,1399,1,1,0,0,0,0,normal
44.550645,2738,1,1,0,0,0,0,normal
44.550944,60,1,1,0,0,0,0,normal
44.918794,9433,1,1,0,0,0,0,normal
44.921044,49603,1,1,0,0,0,0,normal
44.921476,60,1,1,0,0,0,0,normal
44.992707,14460,1,1,0,0,0,0,normal
44.99342,60,1,1,0,0,0,0,normal
44.994981,11101,1,1,0,0,0,0,normal
44.99709,60,1,1,0,0,0,0,normal
45.029036,64860,1,1,0,0,0,0,normal
45.029585,60,1,1,0,0,0,0,normal
45.029712,17340,1,1,0,0,0,0,normal
45.030244,47580,1,1,0,0,0,0,normal
45.030514,60,1,1,0,0,0,0,normal
45.031233,1500,1,1,0,0,0,0,normal
45.031253,56220,1,1,0,0,0,0,normal
45.031596,7260,1,1,0,0,0,0,normal
45.032618,60,1,1,0,0,0,0,normal
45.032697,10140,1,1,0,0,0,0,normal
45.033208,15152,1,1,0,0,0,0,normal
45.033587,60,1,1,0,0,0,0,normal
45.03792,6755,1,1,0,0,0,0,normal
45.039052,2738,1,1,0,0,0,0,normal
45.03917,60,1,1,0,0,0,0,normal
45.046698,1399,1,1,0,0,0,0,normal
45.047701,2738,1,1,0,0,0,0,normal
45.048051,60,1,1,0,0,0,0,normal
45.049686,1399,1,1,0,0,0,0,normal
45.052112,5416,1,1,0,0,0,0,normal
45.052152,60,1,1,0,0,0,0,normal
45.0527,1399,1,1,0,0,0,0,normal
45.053505,1399,1,1,0,0,0,0,normal
45.053897,60,1,1,0,0,0,0,normal
45.055601,1399,1,1,0,0,0,0,normal
45.065485,1399,1,1,0,0,0,0,normal
45.065527,60,1,1,0,0,0,0,normal
45.067783,4077,1,1,0,0,0,0,normal
45.067846,60,1,1,0,0,0,0,normal
45.070624,1399,1,1,0,0,0,0,normal
45.072701,8094,1,1,0,0,0,0,normal
45.07372,1399,1,1,0,0,0,0,normal
45.074174,1399,1,1,0,0,0,0,normal
45.07435,60,1,1,0,0,0,0,normal
45.076376,1399,1,1,0,0,0,0,normal
45.077205,1399,1,1,0,0,0,0,normal
45.07735,60,1,1,0,0,0,0,normal
45.079698,1399,1,1,0,0,0,0,normal
45.086133,5416,1,1,0,0,0,0,normal
45.086174,60,1,1,0,0,0,0,normal
45.087122,1399,1,1,0,0,0,0,normal
45.08912,1399,1,1,0,0,0,0,normal
45.08912,60,1,1,0,0,0,0,normal
45.099178,5416,1,1,0,0,0,0,normal
45.099222,60,1,1,0,0,0,0,normal
45.109962,5416,1,1,0,0,0,0,normal
45.110019,60,1,1,0,0,0,0,normal
45.114586,1399,1,1,0,0,0,0,normal
45.117298,4077,1,1,0,0,0,0,normal
45.11735,60,1,1,0,0,0,0,normal
45.138535,12111,1,1,0,0,0,0,normal
45.138713,1399,1,1,0,0,0,0,normal
45.139334,60,1,1,0,0,0,0,normal
45.147667,2738,1,1,0,0,0,0,normal
45.147928,60,1,1,0,0,0,0,normal
45.150924,5416,1,1,0,0,0,0,normal
45.151484,1399,1,1,0,0,0,0,normal
45.152112,1399,1,1,0,0,0,0,normal
45.152301,60,1,1,0,0,0,0,normal
45.154203,1399,1,1,0,0,0,0,normal
45.159699,4077,1,1,0,0,0,0,normal
45.160149,1399,1,1,0,0,0,0,normal
45.161141,1399,1,1,0,0,0,0,normal
45.161362,60,1,1,0,0,0,0,normal
45.162134,1399,1,1,0,0,0,0,normal
45.16517,2738,1,1,0,0,0,0,normal
45.165599,1399,1,1,0,0,0,0,normal
45.167083,1399,1,1,0,0,0,0,normal
45.167534,1399,1,1,0,0,0,0,normal
45.167933,60,1,1,0,0,0,0,normal
45.168987,1399,1,1,0,0,0,0,normal
45.170069,1399,1,1,0,0,0,0,normal
45.17112,1399,1,1,0,0,0,0,normal
45.171296,60,1,1,0,0,0,0,normal
45.171663,1399,1,1,0,0,0,0,normal
45.174217,1399,1,1,0,0,0,0,normal
45.174421,60,1,1,0,0,0,0,normal
45.175021,1399,1,1,0,0,0,0,normal
45.177135,1399,1,1,0,0,0,0,normal
45.177328,60,1,1,0,0,0,0,normal
45.178078,1399,1,1,0,0,0,0,normal
45.180633,2738,1,1,0,0,0,0,normal
45.180988,60,1,1,0,0,0,0,normal
45.18766,5416,1,1,0,0,0,0,normal
45.188202,60,1,1,0,0,0,0,normal
45.191297,2738,1,1,0,0,0,0,normal
45.191384,60,1,1,0,0,0,0,normal
45.206322,20220,1,1,0,0,0,0,normal
45.207036,1324,1,1,0,0,0,0,normal
45.207054,1399,1,1,0,0,0,0,normal
45.207105,60,1,1,0,0,0,0,normal
45.207614,60,1,1,0,0,0,0,normal
45.212244,2738,1,1,0,0,0,0,normal
45.212264,1399,1,1,0,0,0,0,normal
45.212376,60,1,1,0,0,0,0,normal
45.213566,1399,1,1,0,0,0,0,normal
45.213657,60,1,1,0,0,0,0,normal
45.217527,4077,1,1,0,0,0,0,normal
45.217542,1399,1,1,0,0,0,0,normal
45.217887,60,1,1,0,0,0,0,normal
45.219162,4077,1,1,0,0,0,0,normal
45.219243,60,1,1,0,0,0,0,normal
45.226146,1399,1,1,0,0,0,0,normal
45.229134,4077,1,1,0,0,0,0,normal
45.229148,1500,1,1,0,0,0,0,normal
45.22925,60,1,1,0,0,0,0,normal
45.229993,3976,1,1,0,0,0,0,normal
45.230007,1399,1,1,0,0,0,0,normal
45.230091,60,1,1,0,0,0,0,normal
45.230515,1399,1,1,0,0,0,0,normal
45.231014,60,1,1,0,0,0,0,normal
45.232068,1399,1,1,0,0,0,0,normal
45.240967,9433,1,1,0,0,0,0,normal
45.241065,60,1,1,0,0,0,0,normal
45.242182,1399,1,1,0,0,0,0,normal
45.242592,1399,1,1,0,0,0,0,normal
45.24288,60,1,1,0,0,0,0,normal
45.244584,1399,1,1,0,0,0,0,normal
45.246533,1399,1,1,0,0,0,0,normal
45.246612,60,1,1,0,0,0,0,normal
45.247157,1399,1,1,0,0,0,0,normal
45.249172,1399,1,1,0,0,0,0,normal
45.24926,60,1,1,0,0,0,0,normal
45.251098,1399,1,1,0,0,0,0,normal
45.253699,2738,1,1,0,0,0,0,normal
45.255307,60,1,1,0,0,0,0,normal
45.256532,1399,1,1,0,0,0,0,normal
45.258084,1399,1,1,0,0,0,0,normal
45.258571,80,1,1,0,0,0,0,normal
45.258652,80,1,1,0,0,0,0,normal
45.258907,72,1,1,0,0,0,0,normal
45.259268,60,1,1,0,0,0,0,normal
45.260087,1399,1,1,0,0,0,0,normal
45.263527,1399,1,1,0,0,0,0,normal
45.264035,60,1,1,0,0,0,0,normal
45.264403,1399,1,1,0,0,0,0,normal
45.265033,378,1,1,0,0,0,0,normal
45.265107,72,1,1,0,0,0,0,normal
45.268698,2738,1,1,0,0,0,0,normal
45.269203,1399,1,1,0,0,0,0,normal
45.269615,412,1,1,0,0,0,0,normal
45.269917,72,1,1,0,0,0,0,normal
45.270112,1399,1,1,0,0,0,0,normal
45.272234,1399,1,1,0,0,0,0,normal
45.273145,60,1,1,0,0,0,0,normal
45.273496,1399,1,1,0,0,0,0,normal
45.274035,76,1,1,0,0,0,0,normal
45.27418,72,1,1,0,0,0,0,normal
45.274438,1399,1,1,0,0,0,0,normal
45.274518,60,1,1,0,0,0,0,normal
45.275035,1399,1,1,0,0,0,0,normal
45.276,80,1,1,0,0,0,0,normal
45.277235,1399,1,1,0,0,0,0,normal
45.277698,1399,1,1,0,0,0,0,normal
45.278983,60,1,1,0,0,0,0,normal
45.279996,72,1,1,0,0,0,0,normal
45.28025,72,1,1,0,0,0,0,normal
45.280321,72,1,1,0,0,0,0,normal
45.281229,1399,1,1,0,0,0,0,normal
45.282172,1399,1,1,0,0,0,0,normal
45.283977,60,1,1,0,0,0,0,normal
45.292309,2738,1,1,0,0,0,0,normal
45.292563,60,1,1,0,0,0,0,normal
45.2937,1399,1,1,0,0,0,0,normal
45.295113,1399,1,1,0,0,0,0,normal
45.29611,60,1,1,0,0,0,0,normal
45.297573,2738,1,1,0,0,0,0,normal
45.298693,1399,1,1,0,0,0,0,normal
45.299047,60,1,1,0,0,0,0,normal
45.300428,1399,1,1,0,0,0,0,normal
45.300633,60,1,1,0,0,0,0,normal
45.303179,1399,1,1,0,0,0,0,normal
45.305156,1399,1,1,0,0,0,0,normal
45.305641,60,1,1,0,0,0,0,normal
45.307082,1399,1,1,0,0,0,0,normal
45.309099,1399,1,1,0,0,0,0,normal
45.309367,60,1,1,0,0,0,0,normal
45.314132,2738,1,1,0,0,0,0,normal
45.314149,1399,1,1,0,0,0,0,normal
45.314435,60,1,1,0,0,0,0,normal
45.317179,2738,1,1,0,0,0,0,normal
45.31747,60,1,1,0,0,0,0,normal
45.319245,1399,1,1,0,0,0,0,normal
45.320919,1399,1,1,0,0,0,0,normal
45.321203,60,1,1,0,0,0,0,normal
45.323052,1399,1,1,0,0,0,0,normal
45.324707,1399,1,1,0,0,0,0,normal
45.325241,60,1,1,0,0,0,0,normal
45.326752,1399,1,1,0,0,0,0,normal
45.329264,1399,1,1,0,0,0,0,normal
45.329946,60,1,1,0,0,0,0,normal
45.332177,1399,1,1,0,0,0,0,normal
45.341214,2738,1,1,0,0,0,0,normal
45.341682,60,1,1,0,0,0,0,normal
45.343318,1399,1,1,0,0,0,0,normal
45.347008,1399,1,1,0,0,0,0,normal
45.347008,60,1,1,0,0,0,0,normal
45.348167,1399,1,1,0,0,0,0,normal
45.360991,2738,1,1,0,0,0,0,normal
45.361553,60,1,1,0,0,0,0,normal
45.363485,1399,1,1,0,0,0,0,normal
45.365416,1399,1,1,0,0,0,0,normal
45.366545,1399,1,1,0,0,0,0,normal
45.36662,60,1,1,0,0,0,0,normal
45.367524,1399,1,1,0,0,0,0,normal
45.370515,1399,1,1,0,0,0,0,normal
45.370568,60,1,1,0,0,0,0,normal
45.373701,1399,1,1,0,0,0,0,normal
45.375936,1399,1,1,0,0,0,0,normal
45.375987,60,1,1,0,0,0,0,normal
45.378467,1399,1,1,0,0,0,0,normal
45.379706,1399,1,1,0,0,0,0,normal
45.380047,60,1,1,0,0,0,0,normal
45.383133,1399,1,1,0,0,0,0,normal
45.388698,1399,1,1,0,0,0,0,normal
45.392416,60,1,1,0,0,0,0,normal
45.395317,4077,1,1,0,0,0,0,normal
45.395409,60,1,1,0,0,0,0,normal
45.39948,1399,1,1,0,0,0,0,normal
45.400351,1399,1,1,0,0,0,0,normal
45.40043,60,1,1,0,0,0,0,normal
45.404562,1399,1,1,0,0,0,0,normal
45.405701,4077,1,1,0,0,0,0,normal
45.405946,60,1,1,0,0,0,0,normal
45.407219,1399,1,1,0,0,0,0,normal
45.409974,1399,1,1,0,0,0,0,normal
45.410073,60,1,1,0,0,0,0,normal
45.412175,1399,1,1,0,0,0,0,normal
45.412701,1399,1,1,0,0,0,0,normal
45.412939,60,1,1,0,0,0,0,normal
45.415699,1399,1,1,0,0,0,0,normal
45.416453,1399,1,1,0,0,0,0,normal
45.416531,60,1,1,0,0,0,0,normal
45.41847,1399,1,1,0,0,0,0,normal
45.420707,1399,1,1,0,0,0,0,normal
45.421016,60,1,1,0,0,0,0,normal
45.42571,1399,1,1,0,0,0,0,normal
45.442767,6755,1,1,0,0,0,0,normal
45.443038,60,1,1,0,0,0,0,normal
45.443585,2738,1,1,0,0,0,0,normal
45.443651,60,1,1,0,0,0,0,normal
45.452911,2738,1,1,0,0,0,0,normal
45.452989,60,1,1,0,0,0,0,normal
45.454897,1399,1,1,0,0,0,0,normal
45.457091,2738,1,1,0,0,0,0,normal
45.457104,1399,1,1,0,0,0,0,normal
45.457192,60,1,1,0,0,0,0,normal
45.478987,14789,1,1,0,0,0,0,normal
45.479111,1399,1,1,0,0,0,0,normal
45.479328,60,1,1,0,0,0,0,normal
45.490346,9433,1,1,0,0,0,0,normal
45.490361,1399,1,1,0,0,0,0,normal
45.490453,60,1,1,0,0,0,0,normal
45.492489,1399,1,1,0,0,0,0,normal
45.492551,60,1,1,0,0,0,0,normal
45.493093,1399,1,1,0,0,0,0,normal
45.494477,1399,1,1,0,0,0,0,normal
45.494572,60,1,1,0,0,0,0,normal
45.521516,14460,1,1,0,0,0,0,normal
45.521742,60,1,1,0,0,0,0,normal
45.522335,4406,1,1,0,0,0,0,normal
45.522353,2738,1,1,0,0,0,0,normal
45.52237,1399,1,1,0,0,0,0,normal
45.522447,60,1,1,0,0,0,0,normal
45.523055,60,1,1,0,0,0,0,normal
45.523174,1399,1,1,0,0,0,0,normal
45.524315,1399,1,1,0,0,0,0,normal
45.524368,60,1,1,0,0,0,0,normal
45.524989,1399,1,1,0,0,0,0,normal
45.525554,1399,1,1,0,0,0,0,normal
45.5256,60,1,1,0,0,0,0,normal
45.527205,1399,1,1,0,0,0,0,normal
45.528204,1399,1,1,0,0,0,0,normal
45.52826,60,1,1,0,0,0,0,normal
45.528706,1399,1,1,0,0,0,0,normal
45.531167,1399,1,1,0,0,0,0,normal
45.531261,60,1,1,0,0,0,0,normal
45.532136,1399,1,1,0,0,0,0,normal
45.534162,2738,1,1,0,0,0,0,normal
45.534439,60,1,1,0,0,0,0,normal
45.542699,1399,1,1,0,0,0,0,normal
45.546796,1399,1,1,0,0,0,0,normal
45.548061,60,1,1,0,0,0,0,normal
45.548914,5416,1,1,0,0,0,0,normal
45.549171,60,1,1,0,0,0,0,normal
45.550156,1399,1,1,0,0,0,0,normal
45.550954,1399,1,1,0,0,0,0,normal
45.550954,60,1,1,0,0,0,0,normal
45.552699,1399,1,1,0,0,0,0,normal
45.553721,1399,1,1,0,0,0,0,normal
45.554756,1399,1,1,0,0,0,0,normal
45.557719,1399,1,1,0,0,0,0,normal
45.559698,1399,1,1,0,0,0,0,normal
45.569694,60,1,1,0,0,0,0,normal
45.573747,12111,1,1,0,0,0,0,normal
45.577131,60,1,1,0,0,0,0,normal
45.602069,1399,1,1,0,0,0,0,normal
45.603131,21484,1,1,0,0,0,0,normal
45.603269,1399,1,1,0,0,0,0,normal
45.603537,60,1,1,0,0,0,0,normal
45.612563,1399,1,1,0,0,0,0,normal
45.614638,1399,1,1,0,0,0,0,normal
45.614691,60,1,1,0,0,0,0,normal
45.615269,1399,1,1,0,0,0,0,normal
45.618744,2738,1,1,0,0,0,0,normal
45.619664,60,1,1,0,0,0,0,normal
45.626928,6755,1,1,0,0,0,0,normal
45.627987,60,1,1,0,0,0,0,normal
45.628355,2738,1,1,0,0,0,0,normal
45.629677,1399,1,1,0,0,0,0,normal
45.629693,1399,1,1,0,0,0,0,normal
45.63034,60,1,1,0,0,0,0,normal
45.631674,1399,1,1,0,0,0,0,normal
45.632394,1399,1,1,0,0,0,0,normal
45.632559,60,1,1,0,0,0,0,normal
45.63391,1399,1,1,0,0,0,0,normal
45.634172,1399,1,1,0,0,0,0,normal
45.635318,1399,1,1,0,0,0,0,normal
45.635927,60,1,1,0,0,0,0,normal
45.639308,2738,1,1,0,0,0,0,normal
45.639702,60,1,1,0,0,0,0,normal
45.641389,1399,1,1,0,0,0,0,normal
45.642141,1399,1,1,0,0,0,0,normal
45.64223,60,1,1,0,0,0,0,normal
45.642947,1399,1,1,0,0,0,0,normal
45.643654,1399,1,1,0,0,0,0,normal
45.644185,60,1,1,0,0,0,0,normal
45.64603,1399,1,1,0,0,0,0,normal
45.648055,1399,1,1,0,0,0,0,normal
45.648331,60,1,1,0,0,0,0,normal
45.65082,1399,1,1,0,0,0,0,normal
45.653257,1399,1,1,0,0,0,0,normal
45.653586,60,1,1,0,0,0,0,normal
45.655113,1399,1,1,0,0,0,0,normal
45.657436,1399,1,1,0,0,0,0,normal
45.657945,60,1,1,0,0,0,0,normal
45.660939,1399,1,1,0,0,0,0,normal
45.66328,1399,1,1,0,0,0,0,normal
45.66456,60,1,1,0,0,0,0,normal
45.666263,1399,1,1,0,0,0,0,normal
45.678252,9433,1,1,0,0,0,0,normal
45.678387,60,1,1,0,0,0,0,normal
45.68795,1399,1,1,0,0,0,0,normal
45.6897,1399,1,1,0,0,0,0,normal
45.690453,60,1,1,0,0,0,0,normal
45.693005,1399,1,1,0,0,0,0,normal
45.693379,1399,1,1,0,0,0,0,normal
45.693455,60,1,1,0,0,0,0,normal
45.693954,1399,1,1,0,0,0,0,normal
45.696581,1399,1,1,0,0,0,0,normal
45.696878,60,1,1,0,0,0,0,normal
45.702362,1399,1,1,0,0,0,0,normal
45.703391,1399,1,1,0,0,0,0,normal
45.703482,60,1,1,0,0,0,0,normal
45.705378,1399,1,1,0,0,0,0,normal
45.708567,1399,1,1,0,0,0,0,normal
45.708886,60,1,1,0,0,0,0,normal
45.710427,1399,1,1,0,0,0,0,normal
45.711991,1399,1,1,0,0,0,0,normal
45.711991,60,1,1,0,0,0,0,normal
45.729419,6755,1,1,0,0,0,0,normal
45.729689,60,1,1,0,0,0,0,normal
45.733119,2738,1,1,0,0,0,0,normal
45.733348,60,1,1,0,0,0,0,normal
45.737572,2738,1,1,0,0,0,0,normal
45.738018,60,1,1,0,0,0,0,normal
45.738543,1399,1,1,0,0,0,0,normal
45.739698,1399,1,1,0,0,0,0,normal
45.742048,60,1,1,0,0,0,0,normal
45.745209,1399,1,1,0,0,0,0,normal
45.746701,1399,1,1,0,0,0,0,normal
45.74718,60,1,1,0,0,0,0,normal
45.747491,1399,1,1,0,0,0,0,normal
45.757305,1399,1,1,0,0,0,0,normal
45.757659,60,1,1,0,0,0,0,normal
45.758699,2738,1,1,0,0,0,0,normal
45.759694,60,1,1,0,0,0,0,normal
45.760699,1399,1,1,0,0,0,0,normal
45.762732,2738,1,1,0,0,0,0,normal
45.770689,60,1,1,0,0,0,0,normal
45.779654,5416,1,1,0,0,0,0,normal
45.780196,60,1,1,0,0,0,0,normal
45.780305,1399,1,1,0,0,0,0,normal
45.781932,2738,1,1,0,0,0,0,normal
45.782217,60,1,1,0,0,0,0,normal
45.782545,1399,1,1,0,0,0,0,normal
45.784471,1399,1,1,0,0,0,0,normal
45.784976,60,1,1,0,0,0,0,normal
45.785699,1399,1,1,0,0,0,0,normal
45.7867,1399,1,1,0,0,0,0,normal
45.788075,60,1,1,0,0,0,0,normal
45.788219,1399,1,1,0,0,0,0,normal
45.796755,4077,1,1,0,0,0,0,normal
45.798606,60,1,1,0,0,0,0,normal
45.798671,1399,1,1,0,0,0,0,normal
45.800089,1399,1,1,0,0,0,0,normal
45.800981,60,1,1,0,0,0,0,normal
45.803119,99,1,1,0,0,0,0,normal
45.803137,1399,1,1,0,0,0,0,normal
45.80343,66,1,1,0,0,0,0,normal
45.804062,1399,1,1,0,0,0,0,normal
45.804117,60,1,1,0,0,0,0,normal
45.807532,1399,1,1,0,0,0,0,normal
45.809182,1399,1,1,0,0,0,0,normal
45.80926,60,1,1,0,0,0,0,normal
45.812608,1399,1,1,0,0,0,0,normal
45.81556,1399,1,1,0,0,0,0,normal
45.816007,60,1,1,0,0,0,0,normal
45.8177,1399,1,1,0,0,0,0,normal
45.820701,1399,1,1,0,0,0,0,normal
45.822504,60,1,1,0,0,0,0,normal
45.82975,1399,1,1,0,0,0,0,normal
45.831699,1399,1,1,0,0,0,0,normal
45.833513,60,1,1,0,0,0,0,normal
45.8347,2738,1,1,0,0,0,0,normal
45.83532,60,1,1,0,0,0,0,normal
45.835322,2738,1,1,0,0,0,0,normal
45.835686,60,1,1,0,0,0,0,normal
45.843442,4077,1,1,0,0,0,0,normal
45.843904,2738,1,1,0,0,0,0,normal
45.844013,60,1,1,0,0,0,0,normal
45.851823,1399,1,1,0,0,0,0,normal
45.853568,5416,1,1,0,0,0,0,normal
45.854352,60,1,1,0,0,0,0,normal
45.85868,2738,1,1,0,0,0,0,normal
45.859154,2738,1,1,0,0,0,0,normal
45.859455,60,1,1,0,0,0,0,normal
45.867298,1399,1,1,0,0,0,0,normal
45.868701,8094,1,1,0,0,0,0,normal
45.869242,1399,1,1,0,0,0,0,normal
45.869256,1399,1,1,0,0,0,0,normal
45.870526,60,1,1,0,0,0,0,normal
45.875558,6755,1,1,0,0,0,0,normal
45.875593,1399,1,1,0,0,0,0,normal
45.875746,60,1,1,0,0,0,0,normal
45.876328,1399,1,1,0,0,0,0,normal
45.876377,60,1,1,0,0,0,0,normal
45.877208,1399,1,1,0,0,0,0,normal
45.878119,1399,1,1,0,0,0,0,normal
45.878209,60,1,1,0,0,0,0,normal
45.88034,1399,1,1,0,0,0,0,normal
45.884115,5416,1,1,0,0,0,0,normal
45.884119,60,1,1,0,0,0,0,normal
45.884919,1399,1,1,0,0,0,0,normal
45.895608,2738,1,1,0,0,0,0,normal
45.895795,60,1,1,0,0,0,0,normal
45.897363,5416,1,1,0,0,0,0,normal
45.898138,60,1,1,0,0,0,0,normal
45.903003,8094,1,1,0,0,0,0,normal
45.903223,60,1,1,0,0,0,0,normal
45.903931,1399,1,1,0,0,0,0,normal
45.904591,1399,1,1,0,0,0,0,normal
45.904667,60,1,1,0,0,0,0,normal
45.905451,1399,1,1,0,0,0,0,normal
45.907317,1399,1,1,0,0,0,0,normal
45.907413,60,1,1,0,0,0,0,normal
45.917779,2738,1,1,0,0,0,0,normal
45.918191,60,1,1,0,0,0,0,normal
45.920757,20145,1,1,0,0,0,0,normal
45.932167,60,1,1,0,0,0,0,normal
45.9357,2738,1,1,0,0,0,0,normal
45.93743,60,1,1,0,0,0,0,normal
45.937724,4077,1,1,0,0,0,0,normal
45.940225,2738,1,1,0,0,0,0,normal
45.940412,60,1,1,0,0,0,0,normal
45.947486,1399,1,1,0,0,0,0,normal
45.948699,1399,1,1,0,0,0,0,normal
45.948737,60,1,1,0,0,0,0,normal
45.951732,4077,1,1,0,0,0,0,normal
45.95195,60,1,1,0,0,0,0,normal
45.953699,4077,1,1,0,0,0,0,normal
45.955736,60,1,1,0,0,0,0,normal
45.960611,1399,1,1,0,0,0,0,normal
45.96164,2738,1,1,0,0,0,0,normal
45.962063,60,1,1,0,0,0,0,normal
45.964301,1399,1,1,0,0,0,0,normal
45.965397,2738,1,1,0,0,0,0,normal
45.965483,60,1,1,0,0,0,0,normal
45.968389,1399,1,1,0,0,0,0,normal
45.972188,4077,1,1,0,0,0,0,normal
45.972548,60,1,1,0,0,0,0,normal
45.978164,5416,1,1,0,0,0,0,normal
45.978178,1399,1,1,0,0,0,0,normal
45.978268,60,1,1,0,0,0,0,normal
45.985015,2738,1,1,0,0,0,0,normal
45.985107,60,1,1,0,0,0,0,normal
45.986328,1399,1,1,0,0,0,0,normal
45.98832,1399,1,1,0,0,0,0,normal
45.988432,60,1,1,0,0,0,0,normal
45.992315,1399,1,1,0,0,0,0,normal
45.995131,2738,1,1,0,0,0,0,normal
45.995495,60,1,1,0,0,0,0,normal
45.99623,1399,1,1,0,0,0,0,normal
45.999472,1399,1,1,0,0,0,0,normal
46.000105,60,1,1,0,0,0,0,normal
46.001039,1399,1,1,0,0,0,0,normal
46.005383,2738,1,1,0,0,0,0,normal
46.005912,60,1,1,0,0,0,0,normal
46.00731,1399,1,1,0,0,0,0,normal
46.010164,1399,1,1,0,0,0,0,normal
46.011049,60,1,1,0,0,0,0,normal
46.011445,1399,1,1,0,0,0,0,normal
46.013204,1399,1,1,0,0,0,0,normal
46.013204,60,1,1,0,0,0,0,normal
46.016427,1399,1,1,0,0,0,0,normal
46.01995,1399,1,1,0,0,0,0,normal
46.020234,60,1,1,0,0,0,0,normal
46.031582,6755,1,1,0,0,0,0,normal
46.031935,60,1,1,0,0,0,0,normal
46.034408,2738,1,1,0,0,0,0,normal
46.034497,60,1,1,0,0,0,0,normal
46.036297,1399,1,1,0,0,0,0,normal
46.039276,1399,1,1,0,0,0,0,normal
46.039377,60,1,1,0,0,0,0,normal
46.040667,1399,1,1,0,0,0,0,normal
46.044098,1399,1,1,0,0,0,0,normal
46.044187,60,1,1,0,0,0,0,normal
46.045018,1399,1,1,0,0,0,0,normal
46.051399,1399,1,1,0,0,0,0,normal
46.051523,60,1,1,0,0,0,0,normal
46.057622,5416,1,1,0,0,0,0,normal
46.058308,60,1,1,0,0,0,0,normal
0.0,80,1,1,0,0,0,0,pivot
0.801647,80,1,1,0,0,0,0,pivot
1.478586,77,1,0,1,0,0,0,pivot
1.604159,80,1,1,0,0,0,0,pivot
1.611984,76,1,0,1,0,0,0,pivot
2.405896,80,1,1,0,0,0,0,pivot
3.20878,80,1,1,0,0,0,0,pivot
4.010055,80,1,1,0,0,0,0,pivot
4.375473,169,1,0,1,0,0,0,pivot
4.375692,80,1,0,1,0,0,0,pivot
4.811478,80,1,1,0,0,0,0,pivot
5.505108,48,0,0,0,0,1,0,pivot
5.505657,70,0,0,0,0,1,0,pivot
5.615555,80,1,1,0,0,0,0,pivot
9.384644,99,1,1,0,0,0,0,pivot
9.385096,66,1,1,0,0,0,0,pivot
9.620112,99,1,1,0,0,0,0,pivot
9.66208,60,1,1,0,0,0,0,pivot
0.0,77,1,0,1,0,0,0,can_spoof
0.093716,76,1,0,1,0,0,0,can_spoof
1.291542,92,1,0,1,0,0,0,can_spoof
1.291542,92,1,0,1,0,0,0,can_spoof
1.291542,108,1,0,1,0,0,0,can_spoof
1.29336,120,1,0,1,0,0,0,can_spoof
1.293095,724,1,1,0,0,0,0,can_spoof
1.293467,66,1,1,0,0,0,0,can_spoof
1.293578,694,1,1,0,0,0,0,can_spoof
1.294024,66,1,1,0,0,0,0,can_spoof
1.554985,825,1,1,0,0,0,0,can_spoof
1.555485,99,1,1,0,0,0,0,can_spoof
1.557742,60,1,1,0,0,0,0,can_spoof
1.558106,99,1,1,0,0,0,0,can_spoof
1.558498,66,1,1,0,0,0,0,can_spoof
4.729199,96,1,0,1,0,0,0,can_spoof
5.065595,96,1,0,1,0,0,0,can_spoof
5.065606,169,1,0,1,0,0,0,can_spoof
5.06656,81,1,0,1,0,0,0,can_spoof
20.066486,77,1,0,1,0,0,0,can_spoof
20.238616,76,1,0,1,0,0,0,can_spoof
25.257387,169,1,0,1,0,0,0,can_spoof
25.258054,80,1,0,1,0,0,0,can_spoof
30.90731,32,0,0,0,0,1,0,can_spoof
31.008533,32,0,0,0,0,1,0,can_spoof
31.110119,32,0,0,0,0,1,0,can_spoof
31.212392,32,0,0,0,0,1,0,can_spoof
31.314479,32,0,0,0,0,1,0,can_spoof
33.21422,99,1,1,0,0,0,0,can_spoof
33.21472,66,1,1,0,0,0,0,can_spoof
33.661111,99,1,1,0,0,0,0,can_spoof
33.701942,60,1,1,0,0,0,0,can_spoof
34.216078,99,1,1,0,0,0,0,can_spoof
34.216397,66,1,1,0,0,0,0,can_spoof
34.216722,99,1,1,0,0,0,0,can_spoof
34.216976,66,1,1,0,0,0,0,can_spoof
34.58378,99,1,1,0,0,0,0,can_spoof
34.594527,99,1,1,0,0,0,0,can_spoof
34.624382,60,1,1,0,0,0,0,can_spoof
34.635524,60,1,1,0,0,0,0,can_spoof
